movie id,unknown,Action,Adventure,Animation,Children's,Comedy,Crime,Documentary,Drama,Fantasy,Film-Noir,Horror,Musical,Mystery,Romance,Sci-Fi,Thriller,War,Western,release-year
1,0,0,0,1,1,1,0,0,0,0,0,0,0,0,0,0,0,0,0,1995
2,0,1,1,0,0,0,0,0,0,0,0,0,0,0,0,0,1,0,0,1995
3,0,0,0,0,0,0,0,0,0,0,0,0,0,0,0,0,1,0,0,1995
4,0,1,0,0,0,1,0,0,1,0,0,0,0,0,0,0,0,0,0,1995
5,0,0,0,0,0,0,1,0,1,0,0,0,0,0,0,0,1,0,0,1995
6,0,0,0,0,0,0,0,0,1,0,0,0,0,0,0,0,0,0,0,1995
7,0,0,0,0,0,0,0,0,1,0,0,0,0,0,0,1,0,0,0,1995
8,0,0,0,0,1,1,0,0,1,0,0,0,0,0,0,0,0,0,0,1995
9,0,0,0,0,0,0,0,0,1,0,0,0,0,0,0,0,0,0,0,1995
10,0,0,0,0,0,0,0,0,1,0,0,0,0,0,0,0,0,1,0,1996
11,0,0,0,0,0,0,1,0,0,0,0,0,0,0,0,0,1,0,0,1995
12,0,0,0,0,0,0,1,0,0,0,0,0,0,0,0,0,1,0,0,1995
13,0,0,0,0,0,1,0,0,0,0,0,0,0,0,0,0,0,0,0,1995
14,0,0,0,0,0,0,0,0,1,0,0,0,0,0,1,0,0,0,0,1994
15,0,0,0,0,0,0,0,0,1,0,0,0,0,0,0,0,0,0,0,1996
16,0,0,0,0,0,1,0,0,0,0,0,0,0,0,1,0,0,0,0,1995
17,0,1,0,0,0,1,1,0,0,0,0,1,0,0,0,0,1,0,0,1996
18,0,0,0,0,0,0,0,0,1,0,0,0,0,0,0,0,0,0,0,1995
19,0,0,0,0,0,0,0,0,1,0,0,0,0,0,0,0,0,0,0,1995
20,0,0,0,0,0,0,0,0,1,0,0,0,0,0,1,0,0,0,0,1995
21,0,1,1,0,0,1,0,0,0,0,0,0,1,0,0,0,1,0,0,1996
22,0,1,0,0,0,0,0,0,1,0,0,0,0,0,0,0,0,1,0,1996
23,0,0,0,0,0,0,0,0,1,0,0,0,0,0,0,0,1,0,0,1996
24,0,1,1,0,0,0,1,0,0,0,0,0,0,0,0,0,0,0,0,1996
25,0,0,0,0,0,1,0,0,0,0,0,0,0,0,0,0,0,0,0,1996
26,0,0,0,0,0,1,0,0,0,0,0,0,0,0,0,0,0,0,0,1995
27,0,1,0,0,0,0,0,0,0,0,0,0,0,0,0,0,0,0,0,1995
28,0,1,0,0,0,0,0,0,1,0,0,0,0,0,0,0,1,0,0,1995
29,0,1,1,0,0,1,1,0,0,0,0,0,0,0,0,0,0,0,0,1995
30,0,0,0,0,0,0,0,0,1,0,0,0,0,0,0,0,0,0,0,1967
31,0,0,0,0,0,0,0,0,1,0,0,0,0,0,0,0,1,1,0,1995
32,0,0,0,0,0,0,0,1,0,0,0,0,0,0,0,0,0,0,0,1994
33,0,1,0,0,0,0,0,0,0,0,0,0,0,0,1,0,1,0,0,1995
34,0,0,0,0,0,1,0,0,1,0,0,0,0,0,0,0,0,0,0,1995
35,0,0,1,0,1,0,0,0,1,0,0,0,0,0,0,0,0,0,0,1995
36,0,0,0,0,0,0,0,0,1,0,0,0,0,0,1,0,0,0,0,1995
37,0,0,0,0,0,0,0,0,1,0,0,0,0,0,0,0,0,0,0,1994
38,0,0,0,0,0,0,0,0,0,0,0,0,0,0,0,1,1,0,0,1995
39,0,1,0,0,0,0,1,0,0,0,0,0,0,0,0,1,0,0,0,1995
40,0,0,0,0,0,1,0,0,0,0,0,0,0,0,0,0,0,0,0,1995
41,0,0,0,0,0,1,0,0,0,0,0,0,0,0,0,0,0,0,0,1995
42,0,0,0,0,0,1,0,0,0,0,0,0,0,0,0,0,0,0,0,1994
43,0,0,0,0,0,0,0,0,1,0,0,0,0,0,0,0,1,0,0,1994
44,0,0,0,0,0,0,0,0,1,0,0,0,0,0,0,0,1,0,0,1994
45,0,0,0,0,0,1,0,0,1,0,0,0,0,0,0,0,0,0,0,1994
46,0,0,0,0,0,0,0,0,1,0,0,0,0,0,0,0,0,0,0,1994
47,0,0,0,0,0,1,0,0,1,0,0,0,0,0,0,0,0,0,0,1994
48,0,0,0,0,0,0,0,1,0,0,0,0,0,0,0,0,0,0,0,1994
49,0,0,0,0,0,1,0,0,0,0,0,0,0,0,1,0,0,0,0,1994
50,0,1,1,0,0,0,0,0,0,0,0,0,0,0,1,1,0,1,0,1977
51,0,0,0,0,0,0,0,0,1,0,0,0,0,0,1,0,0,1,1,1994
52,0,0,0,0,0,0,0,0,1,0,0,0,0,0,0,0,0,0,0,1994
53,0,1,0,0,0,0,0,0,0,0,0,0,0,0,0,0,1,0,0,1994
54,0,1,0,0,0,0,0,0,1,0,0,0,0,0,0,0,1,0,0,1995
55,0,0,0,0,0,0,1,0,1,0,0,0,0,0,1,0,1,0,0,1994
56,0,0,0,0,0,0,1,0,1,0,0,0,0,0,0,0,0,0,0,1994
57,0,0,0,0,0,0,0,0,1,0,0,0,0,0,0,0,0,0,0,1994
58,0,0,0,0,0,0,0,0,1,0,0,0,0,0,0,0,0,0,0,1994
59,0,0,0,0,0,0,0,0,1,0,0,0,0,0,0,0,0,0,0,1994
60,0,0,0,0,0,0,0,0,1,0,0,0,0,0,0,0,0,0,0,1993
61,0,0,0,0,0,0,0,0,1,0,0,0,0,0,0,0,0,0,0,1994
62,0,1,1,0,0,0,0,0,0,0,0,0,0,0,0,1,0,0,0,1994
63,0,0,0,0,1,1,0,0,0,0,0,0,0,0,0,0,0,0,0,1994
64,0,0,0,0,0,0,0,0,1,0,0,0,0,0,0,0,0,0,0,1994
65,0,0,0,0,0,1,0,0,1,0,0,0,0,0,0,0,0,0,0,1993
66,0,0,0,0,0,1,0,0,0,0,0,0,0,0,1,0,0,0,0,1995
67,0,0,0,0,0,1,0,0,0,0,0,0,0,0,0,0,0,0,0,1994
68,0,1,0,0,0,0,0,0,0,0,0,0,0,0,1,0,1,0,0,1994
69,0,0,0,0,0,1,0,0,0,0,0,0,0,0,1,0,0,1,0,1994
70,0,0,0,0,0,1,0,0,0,0,0,0,0,0,1,0,0,0,0,1994
71,0,0,0,1,1,0,0,0,0,0,0,0,1,0,0,0,0,0,0,1994
72,0,0,0,0,0,1,1,0,0,1,0,0,0,0,0,0,0,0,0,1994
73,0,1,0,0,0,1,0,0,0,0,0,0,0,0,0,0,0,0,1,1994
74,0,1,0,0,0,1,0,0,1,0,0,0,0,0,0,0,0,0,0,1965
75,0,0,0,0,0,0,0,1,0,0,0,0,0,0,0,0,0,0,0,1994
76,0,0,0,0,0,0,1,0,1,0,0,0,0,0,0,0,0,0,0,1993
77,0,0,0,0,0,0,0,0,1,0,0,0,0,0,0,0,1,0,0,1993
78,0,0,1,0,1,0,0,0,1,0,0,0,0,0,0,0,0,0,0,1993
79,0,1,0,0,0,0,0,0,0,0,0,0,0,0,0,0,1,0,0,1993
80,0,1,0,0,0,1,0,0,0,0,0,0,0,0,0,0,0,1,0,1993
81,0,0,0,0,0,1,0,0,0,0,0,0,0,0,1,0,0,0,0,1994
82,0,1,1,0,0,0,0,0,0,0,0,0,0,0,0,1,0,0,0,1993
83,0,0,0,0,0,1,0,0,0,0,0,0,0,0,1,0,0,0,0,1993
84,0,0,0,0,0,0,0,0,0,0,0,1,0,0,0,1,0,0,0,1994
85,0,0,0,0,0,1,0,0,0,0,0,0,0,0,0,0,0,0,0,1994
86,0,0,0,0,0,0,0,0,1,0,0,0,0,0,0,0,0,0,0,1993
87,0,0,0,0,0,0,0,0,1,0,0,0,0,0,0,0,0,0,0,1993
88,0,0,0,0,0,1,0,0,0,0,0,0,0,0,1,0,0,0,0,1993
89,0,0,0,0,0,0,0,0,0,0,1,0,0,0,0,1,0,0,0,1982
90,0,0,0,0,0,1,0,0,0,0,0,0,0,0,1,0,1,0,0,1993
91,0,0,0,0,1,1,0,0,0,0,0,0,1,0,0,0,0,0,0,1993
92,0,1,0,0,0,0,1,0,0,0,0,0,0,0,1,0,0,0,0,1993
93,0,0,0,0,0,1,0,0,1,0,0,0,0,0,0,0,0,0,0,1996
94,0,0,0,0,1,1,0,0,0,0,0,0,0,0,0,0,0,0,0,1990
95,0,0,0,1,1,1,0,0,0,0,0,0,1,0,0,0,0,0,0,1992
96,0,1,0,0,0,0,0,0,0,0,0,0,0,0,0,1,1,0,0,1991
97,0,0,1,0,0,0,0,0,1,0,0,0,0,0,0,0,0,0,1,1990
98,0,0,0,0,0,0,0,0,1,0,0,0,0,0,0,0,1,0,0,1991
99,0,0,0,1,1,0,0,0,0,0,0,0,1,0,0,0,0,0,0,1937
100,0,0,0,0,0,0,1,0,1,0,0,0,0,0,0,0,1,0,0,1997
101,0,1,1,1,0,0,0,0,0,0,0,1,0,0,0,1,0,0,0,1981
102,0,0,0,1,1,0,0,0,0,0,0,0,0,0,0,0,0,0,0,1970
103,0,0,0,1,1,0,0,0,0,0,0,0,1,0,0,0,0,0,0,1996
104,0,0,0,0,0,1,0,0,0,0,0,0,0,0,0,0,0,0,0,1996
105,0,0,0,0,0,1,0,0,0,0,0,0,0,0,0,0,0,0,0,1996
106,0,0,0,0,0,0,0,0,1,0,0,0,0,0,0,0,1,0,0,1996
107,0,0,0,0,0,0,0,0,1,0,0,0,0,0,0,0,0,0,0,1996
108,0,0,0,0,0,1,0,0,0,0,0,0,0,0,0,0,0,0,0,1996
109,0,0,0,0,0,1,0,0,0,0,0,0,0,0,0,1,0,0,0,1996
110,0,1,1,0,0,1,0,0,0,0,0,0,0,0,0,0,0,1,0,1995
111,0,0,0,0,0,1,0,0,0,0,0,0,0,0,1,0,0,0,0,1996
112,0,0,1,0,1,0,0,0,0,0,0,0,0,0,0,0,0,0,0,1996
113,0,0,0,0,0,0,0,0,1,0,0,0,0,0,0,0,0,0,0,1996
114,0,0,0,1,0,0,0,0,0,0,0,0,0,0,0,0,0,0,0,1996
115,0,0,0,0,0,0,0,1,0,0,0,0,0,0,0,0,0,0,0,1996
116,0,0,0,0,0,1,0,0,0,0,0,0,0,0,0,0,0,0,0,1996
117,0,1,1,0,0,0,0,0,0,0,0,0,0,0,0,0,1,0,0,1996
118,0,1,1,0,0,0,0,0,0,0,0,0,0,0,0,0,1,0,0,1996
119,0,0,0,0,0,0,0,1,0,0,0,0,0,0,0,0,0,0,0,1994
120,0,0,0,0,0,1,1,0,0,0,0,0,0,0,0,0,0,0,0,1996
121,0,1,0,0,0,0,0,0,0,0,0,0,0,0,0,1,0,1,0,1996
122,0,0,0,0,0,1,0,0,0,0,0,0,0,0,0,0,0,0,0,1996
123,0,0,0,0,0,1,0,0,0,0,0,1,0,0,0,0,0,0,0,1996
124,0,0,0,0,0,0,0,0,1,0,0,0,0,1,0,0,0,0,0,1996
125,0,0,0,0,0,0,0,0,1,0,0,0,0,0,1,0,0,0,0,1996
126,0,0,0,0,0,0,0,0,1,0,0,0,0,0,0,0,0,0,0,1996
127,0,1,0,0,0,0,1,0,1,0,0,0,0,0,0,0,0,0,0,1972
128,0,1,0,0,0,0,0,0,0,0,0,0,0,0,0,0,1,0,0,1996
129,0,0,0,0,0,0,1,0,1,0,0,0,0,0,1,0,1,0,0,1996
130,0,0,0,0,0,0,1,0,0,0,0,0,0,0,0,0,0,0,0,1996
131,0,0,0,0,0,0,0,0,1,0,0,0,0,0,1,0,0,0,0,1961
132,0,0,1,0,1,0,0,0,1,0,0,0,1,0,0,0,0,0,0,1939
133,0,0,0,0,0,0,0,0,1,0,0,0,0,0,1,0,0,1,0,1939
134,0,0,0,0,0,0,0,0,1,0,0,0,0,0,0,0,0,0,0,1941
135,0,0,0,0,0,0,0,0,1,0,0,0,0,1,0,1,1,0,0,1968
136,0,0,0,0,0,0,0,0,1,0,0,0,0,0,0,0,0,0,0,1939
137,0,0,0,0,0,0,0,0,1,0,0,0,0,0,0,0,0,0,0,1996
138,0,0,0,0,1,1,0,0,0,0,0,0,0,0,0,0,0,0,0,1996
139,0,0,0,0,1,1,0,0,0,0,0,0,0,0,0,0,0,0,0,1969
140,0,0,1,0,1,0,0,0,0,0,0,0,0,0,0,0,0,0,0,1993
141,0,0,1,0,1,0,0,0,0,1,0,0,0,0,0,1,0,0,0,1954
142,0,0,1,0,1,0,0,0,0,0,0,0,1,0,0,0,0,0,0,1971
143,0,0,0,0,0,0,0,0,0,0,0,0,1,0,0,0,0,0,0,1965
144,0,1,0,0,0,0,0,0,0,0,0,0,0,0,0,0,1,0,0,1988
145,0,1,0,0,0,0,0,0,0,0,0,0,0,0,0,1,1,0,0,1992
146,0,0,0,0,0,0,0,0,1,0,0,0,0,0,0,0,0,0,0,1996
147,0,1,0,0,0,0,0,0,0,0,0,0,0,0,0,0,1,0,0,1996
148,0,1,1,0,0,0,0,0,0,0,0,0,0,0,0,0,0,0,0,1996
149,0,0,0,0,0,0,0,0,1,0,0,0,0,0,0,0,0,0,0,1996
150,0,0,0,0,0,1,0,0,1,0,0,0,0,0,0,0,0,0,0,1996
151,0,0,1,0,1,1,0,0,0,0,0,0,0,0,0,0,0,0,0,1971
152,0,0,0,0,0,1,0,0,0,0,0,0,0,0,0,1,0,0,0,1973
153,0,0,0,0,0,1,0,0,0,0,0,0,0,0,0,0,0,0,0,1988
154,0,0,0,0,0,1,0,0,0,0,0,0,0,0,0,0,0,0,0,1979
155,0,0,0,0,0,0,0,0,0,0,0,0,1,0,1,0,0,0,0,1987
156,0,0,0,0,0,0,1,0,0,0,0,0,0,0,0,0,1,0,0,1992
157,0,0,0,0,0,0,0,0,1,0,0,0,0,0,0,0,0,1,0,1986
158,0,0,0,0,0,1,0,0,0,0,0,0,0,0,0,0,0,0,0,1989
159,0,0,0,0,0,0,0,0,0,0,0,0,0,1,0,0,1,0,0,1992
160,0,0,0,0,0,0,0,0,1,0,0,0,0,0,0,0,0,0,0,1992
161,0,1,0,0,0,0,0,0,0,0,0,0,0,0,1,0,0,0,0,1986
162,0,0,0,0,0,0,0,0,1,0,0,0,0,0,0,0,0,0,0,1981
163,0,0,0,0,0,1,0,0,0,0,0,0,0,0,0,0,0,0,0,1974
164,0,1,1,0,0,0,0,0,0,0,0,0,0,0,0,1,1,0,0,1989
165,0,0,0,0,0,0,0,0,1,0,0,0,0,0,0,0,0,0,0,1986
166,0,0,0,0,0,0,0,0,1,0,0,0,0,0,0,0,0,0,0,1986
167,0,0,0,0,0,1,0,0,0,0,0,0,0,0,0,0,0,0,0,1980
168,0,0,0,0,0,1,0,0,0,0,0,0,0,0,0,0,0,0,0,1974
169,0,0,0,1,0,1,0,0,0,0,0,0,0,0,0,0,0,0,0,1993
170,0,0,0,0,0,1,0,0,1,0,0,0,0,0,1,0,0,0,0,1988
171,0,0,0,0,0,1,0,0,0,0,0,0,0,0,0,1,0,0,0,1991
172,0,1,1,0,0,0,0,0,1,0,0,0,0,0,1,1,0,1,0,1980
173,0,1,1,0,0,1,0,0,0,0,0,0,0,0,1,0,0,0,0,1987
174,0,1,1,0,0,0,0,0,0,0,0,0,0,0,0,0,0,0,0,1981
175,0,0,0,0,0,0,0,0,0,0,0,0,0,0,0,1,0,0,0,1985
176,0,1,0,0,0,0,0,0,0,0,0,0,0,0,0,1,1,1,0,1986
177,0,1,0,0,0,0,0,0,0,0,0,0,0,0,0,0,0,0,1,1966
178,0,0,0,0,0,0,0,0,1,0,0,0,0,0,0,0,0,0,0,1957
179,0,0,0,0,0,0,0,0,0,0,0,0,0,0,0,1,0,0,0,1971
180,0,0,0,0,0,0,0,0,1,0,0,0,0,0,0,0,0,1,0,1979
181,0,1,1,0,0,0,0,0,0,0,0,0,0,0,1,1,0,1,0,1997
182,0,0,0,0,0,0,1,0,1,0,0,0,0,0,0,0,0,0,0,1990
183,0,1,0,0,0,0,0,0,0,0,0,1,0,0,0,1,1,0,0,1979
184,0,1,1,0,0,1,0,0,0,0,0,1,0,0,0,1,0,0,0,1993
185,0,0,0,0,0,0,0,0,0,0,0,1,0,0,1,0,1,0,0,1960
186,0,1,0,0,0,1,0,0,0,0,0,0,1,0,0,0,0,0,0,1980
187,0,1,0,0,0,0,1,0,1,0,0,0,0,0,0,0,0,0,0,1974
188,0,1,0,0,0,0,0,0,1,0,0,0,0,0,0,0,0,1,0,1987
189,0,0,0,1,0,1,0,0,0,0,0,0,0,0,0,0,0,0,0,1992
190,0,0,0,0,0,0,0,0,1,0,0,0,0,0,0,0,0,1,0,1989
191,0,0,0,0,0,0,0,0,1,0,0,0,0,1,0,0,0,0,0,1984
192,0,0,0,0,0,0,0,0,1,0,0,0,0,0,0,0,0,0,0,1980
193,0,0,0,0,0,0,0,0,1,0,0,0,0,0,0,0,0,0,0,1983
194,0,0,0,0,0,1,1,0,0,0,0,0,0,0,0,0,0,0,0,1973
195,0,1,0,0,0,0,0,0,0,0,0,0,0,0,0,1,1,0,0,1984
196,0,0,0,0,0,0,0,0,1,0,0,0,0,0,0,0,0,0,0,1989
197,0,0,0,0,0,0,0,0,1,0,0,0,0,0,1,0,0,0,0,1967
198,0,0,0,0,0,0,0,0,0,0,0,0,0,0,0,0,1,0,0,1990
199,0,0,0,0,0,0,0,0,1,0,0,0,0,0,0,0,0,1,0,1957
200,0,0,0,0,0,0,0,0,0,0,0,1,0,0,0,0,0,0,0,1980
201,0,1,1,0,0,1,0,0,0,0,0,1,0,0,0,0,0,0,0,1987
202,0,0,0,0,0,1,0,0,0,0,0,0,0,0,1,0,0,0,0,1993
203,0,0,0,0,0,0,0,0,0,0,0,0,0,0,0,0,0,0,1,1992
204,0,0,0,0,0,1,0,0,0,0,0,0,0,0,0,1,0,0,0,1985
205,0,0,0,0,0,0,0,0,1,0,0,0,0,0,0,0,0,1,0,1970
206,0,0,1,1,0,0,0,0,0,0,0,0,0,0,0,1,1,0,0,1988
207,0,1,0,0,0,0,0,0,1,0,0,0,0,0,1,0,0,0,0,1990
208,0,0,0,0,0,1,0,0,0,0,0,1,0,0,0,0,0,0,0,1974
209,0,0,0,0,0,1,0,0,1,0,0,0,1,0,0,0,0,0,0,1984
210,0,1,1,0,0,0,0,0,0,0,0,0,0,0,0,0,0,0,0,1989
211,0,0,0,0,0,1,0,0,0,0,0,0,0,0,0,0,0,1,0,1970
212,0,0,0,0,0,0,0,0,1,0,0,0,0,0,0,0,0,0,0,1988
213,0,0,0,0,0,0,0,0,1,0,0,0,0,0,1,0,0,0,0,1986
214,0,0,0,0,0,0,0,0,1,0,0,0,1,0,0,0,0,1,0,1982
215,0,0,0,0,0,0,0,0,1,0,0,0,0,0,0,0,0,0,0,1989
216,0,0,0,0,0,1,0,0,0,0,0,0,0,0,1,0,0,0,0,1989
217,0,0,0,0,0,0,0,0,0,0,0,1,0,0,1,0,0,0,0,1992
218,0,0,0,0,0,0,0,0,0,0,0,0,0,0,0,0,1,0,0,1991
219,0,0,0,0,0,0,0,0,0,0,0,1,0,0,0,0,0,0,0,1984
220,0,0,0,0,0,1,0,0,0,0,0,0,0,0,1,0,0,0,0,1996
221,0,0,0,0,0,0,0,0,1,0,0,0,0,0,0,0,0,0,0,1996
222,0,1,1,0,0,0,0,0,0,0,0,0,0,0,0,1,0,0,0,1996
223,0,0,0,0,0,0,0,0,1,0,0,0,0,0,0,0,1,0,0,1996
224,0,0,0,0,0,0,0,0,1,0,0,0,0,0,0,0,0,0,0,1996
225,0,0,0,0,1,1,0,0,0,0,0,0,0,0,0,0,0,0,0,1996
226,0,1,0,0,0,0,0,0,0,0,0,0,0,0,0,0,1,0,0,1990
227,0,1,1,0,0,0,0,0,0,0,0,0,0,0,0,1,0,0,0,1991
228,0,1,1,0,0,0,0,0,0,0,0,0,0,0,0,1,0,0,0,1982
229,0,1,1,0,0,0,0,0,0,0,0,0,0,0,0,1,0,0,0,1984
230,0,1,1,0,0,0,0,0,0,0,0,0,0,0,0,1,0,0,0,1986
231,0,1,1,0,0,1,1,0,0,0,0,0,0,0,0,0,0,0,0,1992
232,0,1,0,0,0,1,0,0,0,0,0,0,0,0,0,0,0,0,1,1988
233,0,1,0,0,0,0,0,0,0,0,0,0,0,0,0,0,0,0,0,1992
234,0,1,0,0,0,0,0,0,0,0,0,1,0,0,0,0,0,0,0,1975
235,0,1,0,0,0,1,0,0,0,0,0,0,0,0,0,1,0,1,0,1996
236,0,0,0,0,0,1,0,0,1,0,0,0,0,0,0,0,0,0,0,1996
237,0,0,0,0,0,0,0,0,1,0,0,0,0,0,1,0,0,0,0,1996
238,0,0,0,0,0,1,0,0,0,0,0,0,0,0,0,0,0,0,0,1987
239,0,0,0,0,0,0,1,0,1,0,0,0,0,0,0,1,0,0,0,1992
240,0,0,0,1,0,1,0,0,0,0,0,0,0,0,0,0,0,0,0,1996
241,0,1,0,0,0,0,0,0,0,0,0,0,0,0,1,0,0,1,0,1992
242,0,0,0,0,0,1,0,0,0,0,0,0,0,0,0,0,0,0,0,1997
243,0,0,0,0,1,1,0,0,0,0,0,0,0,0,0,0,0,0,0,1997
244,0,1,0,0,0,0,0,0,1,0,0,0,0,0,0,0,1,0,0,1997
245,0,1,0,0,0,0,0,0,1,0,0,0,0,0,0,0,1,1,0,1997
246,0,0,0,0,0,0,0,0,1,0,0,0,0,0,1,0,0,0,0,1997
247,0,1,1,0,1,0,0,0,0,0,0,0,0,0,0,0,0,0,0,1997
248,0,0,0,0,0,1,1,0,0,0,0,0,0,0,0,0,0,0,0,1997
249,0,0,0,0,0,1,0,0,0,0,0,0,0,0,0,0,0,0,0,1997
250,0,1,0,0,0,0,0,0,0,0,0,0,0,0,0,1,0,0,0,1997
251,0,0,0,0,0,1,0,0,0,0,0,0,0,0,0,0,0,0,0,1997
252,0,1,1,0,0,0,0,0,0,0,0,0,0,0,0,1,1,0,0,1997
253,0,0,0,0,0,0,0,0,1,0,0,0,0,0,1,0,0,0,0,1997
254,0,1,1,0,0,0,1,0,0,0,0,0,0,0,0,0,0,0,0,1997
255,0,0,0,0,0,1,0,0,0,0,0,0,0,0,1,0,0,0,0,1997
256,0,0,0,0,0,1,0,0,0,0,0,0,0,0,1,0,0,0,0,1997
257,0,1,1,0,0,1,0,0,0,0,0,0,0,0,0,1,0,0,0,1997
258,0,0,0,0,0,0,0,0,1,0,0,0,0,0,0,1,0,0,0,1997
259,0,0,0,0,1,1,0,0,0,0,0,0,0,0,0,0,0,0,0,1997
260,0,1,0,0,0,0,0,0,0,0,0,0,0,1,0,1,1,0,0,1997
261,0,0,0,0,1,1,0,0,0,0,0,0,0,0,0,0,0,0,0,1997
262,0,0,0,0,0,0,0,0,1,0,0,0,0,0,0,0,0,0,0,1997
263,0,1,0,0,0,0,0,0,0,0,0,0,0,0,0,0,0,0,0,1997
264,0,0,0,0,0,0,0,0,0,0,0,0,0,0,0,1,1,0,0,1997
265,0,1,0,0,0,0,0,0,0,0,0,0,0,0,0,0,1,0,0,1990
266,0,1,1,0,0,0,0,0,0,0,0,0,0,0,0,0,0,0,0,1997
268,0,0,0,0,0,0,0,0,1,0,0,0,0,0,1,0,0,0,0,1997
269,0,0,0,0,0,1,0,0,0,0,0,0,0,0,0,0,0,0,0,1997
270,0,0,0,0,0,0,0,0,1,0,0,0,0,0,0,1,1,0,0,1997
271,0,1,1,0,0,0,0,0,0,0,0,0,0,0,0,1,0,1,0,1997
272,0,0,0,0,0,0,0,0,1,0,0,0,0,0,0,0,0,0,0,1997
273,0,1,0,0,0,0,1,0,0,0,0,0,0,0,0,0,1,0,0,1995
274,0,0,0,0,0,1,0,0,0,0,0,0,0,0,1,0,0,0,0,1995
275,0,0,0,0,0,0,0,0,1,0,0,0,0,0,1,0,0,0,0,1995
276,0,0,0,0,0,0,0,0,1,0,0,0,0,0,1,0,0,0,0,1995
277,0,0,0,0,0,0,0,0,1,0,0,0,0,0,0,0,0,0,0,1995
278,0,0,0,0,0,0,0,0,1,0,0,0,0,0,1,0,0,0,0,1996
279,0,0,0,0,0,0,0,0,1,0,0,0,0,0,0,0,0,0,0,1995
280,0,0,0,0,0,0,0,0,1,0,0,0,0,0,1,0,0,0,0,1996
281,0,1,0,0,0,0,0,0,0,0,0,0,0,0,0,0,1,0,0,1994
282,0,0,0,0,0,0,0,0,1,0,0,0,0,0,0,0,0,0,0,1996
283,0,0,0,0,0,0,0,0,1,0,0,0,0,0,1,0,0,0,0,1996
284,0,0,0,0,0,1,0,0,0,0,0,0,0,0,1,0,0,0,0,1996
285,0,0,0,0,0,0,0,0,1,0,0,0,0,0,0,0,0,0,0,1996
286,0,0,0,0,0,0,0,0,1,0,0,0,0,0,1,0,0,1,0,1996
287,0,0,0,0,0,0,0,0,1,0,0,0,0,0,0,0,0,0,0,1996
288,0,0,0,0,0,0,0,0,0,0,0,1,0,0,0,0,1,0,0,1996
289,0,0,0,0,0,0,0,0,1,0,0,0,1,0,0,0,0,0,0,1996
290,0,0,0,0,0,1,0,0,0,0,0,0,0,0,0,0,0,0,0,1997
291,0,0,0,0,0,0,0,0,0,0,0,0,0,1,0,0,1,0,0,1997
292,0,0,0,0,0,0,0,0,1,0,0,0,0,0,0,0,0,0,0,1997
293,0,0,0,0,0,0,1,0,1,0,0,0,0,0,0,0,0,0,0,1997
294,0,0,0,0,0,1,0,0,0,0,0,0,0,0,0,0,0,0,0,1997
295,0,1,0,0,0,0,0,0,0,0,0,0,0,0,0,0,1,0,0,1997
296,0,0,0,0,0,0,0,0,1,0,0,0,0,0,0,0,0,0,0,1997
297,0,0,0,0,0,0,0,0,1,0,0,0,0,0,0,0,0,0,0,1997
298,0,1,0,0,0,0,0,0,0,0,0,0,0,0,0,1,1,0,0,1997
299,0,0,0,0,0,0,1,0,1,0,1,0,0,0,0,0,0,0,0,1997
300,0,1,0,0,0,0,0,0,0,0,0,0,0,0,0,0,1,0,0,1997
301,0,0,0,0,0,1,0,0,0,0,0,0,0,0,0,0,0,0,0,1997
302,0,0,0,0,0,0,1,0,0,0,1,0,0,1,0,0,1,0,0,1997
303,0,0,0,0,0,0,0,0,1,0,0,0,0,0,0,0,0,0,0,1997
304,0,0,1,0,1,0,0,0,0,0,0,0,0,0,0,0,0,0,0,1996
305,0,0,0,0,0,0,0,0,1,0,0,0,0,0,0,0,0,0,0,1997
306,0,0,0,0,0,0,0,0,1,0,0,0,0,0,1,0,0,0,0,1997
307,0,0,0,0,0,0,1,0,0,0,0,1,0,1,0,0,1,0,0,1997
308,0,0,0,0,1,0,0,0,1,1,0,0,0,0,0,0,0,0,0,1997
309,0,0,0,0,0,0,1,0,0,0,0,0,0,0,0,0,0,0,0,1997
310,0,0,0,0,0,0,0,0,1,0,0,0,0,0,0,0,0,0,0,1997
311,0,0,0,0,0,0,0,0,1,0,0,0,0,0,1,0,1,0,0,1997
312,0,0,0,0,0,1,1,0,1,0,0,0,0,1,0,0,0,0,0,1997
313,0,1,0,0,0,0,0,0,1,0,0,0,0,0,1,0,0,0,0,1997
314,0,1,0,0,1,0,0,0,0,0,0,0,0,0,0,0,0,0,0,1997
315,0,0,0,0,0,0,0,0,1,0,0,0,0,0,0,0,1,0,0,1998
316,0,0,0,0,0,1,0,0,1,0,0,0,0,0,0,0,0,0,0,1997
317,0,0,0,0,0,0,0,0,1,0,0,0,0,0,0,0,0,0,0,1993
318,0,0,0,0,0,0,0,0,1,0,0,0,0,0,0,0,0,1,0,1993
319,0,0,0,0,0,1,0,0,0,0,0,0,1,0,1,0,0,0,0,1996
320,0,0,0,0,0,0,0,1,0,0,0,0,0,0,0,0,0,0,0,1996
321,0,0,0,0,0,1,0,0,0,0,0,0,0,0,0,0,0,0,0,1996
322,0,0,0,0,0,0,0,0,0,0,0,0,0,1,0,0,1,0,0,1997
323,0,1,0,0,0,0,0,0,0,0,0,0,0,0,0,0,1,0,0,1997
324,0,0,0,0,0,0,0,0,0,0,0,0,0,1,0,0,0,0,0,1997
325,0,0,0,0,0,0,0,0,1,0,0,0,0,0,0,0,1,0,0,1997
326,0,1,0,0,0,0,0,0,1,0,0,0,0,0,0,0,0,1,0,1997
327,0,0,0,0,0,0,1,0,1,0,0,0,0,1,0,0,0,0,0,1997
328,0,1,0,0,0,0,0,0,0,0,0,0,0,1,1,0,1,0,0,1997
329,0,0,0,0,0,0,1,0,1,0,0,0,0,0,0,0,1,0,0,1998
330,0,0,0,0,0,0,0,0,1,0,0,0,0,0,0,0,0,0,0,1997
331,0,0,1,0,0,0,0,0,0,0,0,0,0,0,0,0,1,0,0,1997
332,0,0,0,0,0,0,1,0,1,0,0,0,0,0,0,0,1,0,0,1997
333,0,0,0,0,0,0,0,0,0,0,0,0,0,1,0,0,1,0,0,1997
334,0,1,0,0,0,0,1,0,0,0,0,0,0,1,0,0,0,0,0,1997
335,0,0,0,0,0,1,0,0,0,0,0,0,0,0,0,0,0,0,0,1997
336,0,0,0,0,0,0,1,0,0,0,0,0,0,0,0,0,1,0,0,1997
337,0,0,0,0,0,1,0,0,1,0,0,0,0,0,0,0,1,0,0,1997
338,0,0,0,0,0,1,0,0,0,0,0,0,0,0,0,0,0,0,0,1997
339,0,1,0,0,0,0,0,0,1,0,0,0,0,0,0,0,0,0,0,1997
340,0,0,0,0,0,0,0,0,1,0,0,0,0,0,0,0,0,0,0,1997
341,0,0,0,0,0,1,0,0,0,0,0,0,0,0,0,0,0,0,0,1997
342,0,0,0,0,0,1,0,0,0,0,0,0,0,1,0,0,0,0,0,1997
343,0,1,0,0,0,0,0,0,0,0,0,1,0,0,0,1,0,0,0,1997
344,0,0,0,0,0,0,0,0,1,0,0,0,0,0,0,0,0,0,0,1997
345,0,0,0,0,0,1,0,0,1,0,0,0,0,0,0,0,0,0,0,1997
346,0,0,0,0,0,0,1,0,1,0,0,0,0,0,0,0,0,0,0,1997
347,0,0,0,0,0,1,0,0,1,0,0,0,0,0,0,0,0,0,0,1998
348,0,0,0,0,0,0,1,0,1,0,0,0,0,0,0,0,1,0,0,1998
349,0,1,0,0,0,0,0,0,0,0,0,0,0,0,0,0,1,0,0,1998
350,0,1,0,0,0,0,0,0,0,0,0,0,0,1,0,0,1,0,0,1998
351,0,0,0,0,0,0,0,0,0,0,0,1,0,0,0,0,0,0,0,1998
352,0,0,0,0,0,1,0,0,0,0,0,0,1,0,0,0,0,0,0,1997
353,0,1,0,0,0,0,0,0,0,0,0,1,0,0,0,1,0,0,0,1998
354,0,0,0,0,0,1,0,0,0,0,0,0,0,0,1,0,0,0,0,1998
355,0,0,1,0,0,0,0,0,0,0,0,0,0,0,0,1,1,0,0,1998
356,0,0,0,0,0,0,0,0,1,0,0,0,0,1,0,0,1,0,0,1994
357,0,0,0,0,0,0,0,0,1,0,0,0,0,0,0,0,0,0,0,1975
358,0,1,1,0,0,0,0,0,0,0,0,0,0,0,0,1,1,0,0,1997
359,0,0,0,0,0,0,0,0,0,0,0,0,0,0,0,0,1,0,0,1997
360,0,0,0,0,0,0,0,1,0,0,0,0,0,0,0,0,0,0,0,1997
361,0,0,0,0,0,0,1,0,0,0,0,0,0,0,0,0,1,0,0,1997
362,0,1,0,0,0,1,0,0,0,0,0,0,1,0,0,0,0,0,0,1998
363,0,1,0,0,0,0,0,0,0,0,0,0,0,0,0,0,0,0,0,1995
364,0,0,0,0,0,1,0,0,0,0,0,0,0,0,0,0,0,0,0,1995
365,0,0,0,0,0,0,0,0,1,0,0,0,0,0,0,0,0,0,0,1995
366,0,0,0,0,0,0,0,0,1,0,0,0,0,0,0,0,0,0,0,1995
367,0,0,0,0,0,1,0,0,0,0,0,0,0,0,0,0,0,0,0,1995
368,0,0,0,0,0,1,0,0,0,0,0,0,0,0,0,0,0,0,0,1996
369,0,0,0,0,0,1,0,0,0,0,0,0,0,0,0,0,0,0,0,1996
370,0,0,0,0,0,0,0,0,1,0,0,0,0,0,0,0,1,0,0,1996
371,0,0,0,0,0,0,0,0,1,0,0,0,0,0,1,0,0,0,0,1996
372,0,0,0,0,0,1,0,0,0,0,0,0,0,0,0,0,0,0,0,1995
373,0,1,1,0,0,0,0,0,0,0,0,0,0,0,0,1,0,0,0,1995
374,0,1,0,0,1,0,0,0,0,0,0,0,0,0,0,0,0,0,0,1995
375,0,0,0,0,0,0,0,0,1,0,0,0,0,0,0,0,0,0,0,1995
376,0,0,0,0,0,1,0,0,0,0,0,0,0,0,0,0,0,0,0,1994
377,0,0,0,0,1,1,0,0,0,0,0,0,0,0,0,0,0,0,0,1994
378,0,0,0,0,0,0,0,0,1,0,0,0,0,0,0,0,0,0,0,1994
379,0,0,0,0,0,0,0,0,0,0,0,1,0,0,0,0,0,0,0,1995
380,0,1,1,0,0,0,0,0,0,0,0,0,0,0,0,1,0,0,0,1994
381,0,0,0,0,0,1,0,0,0,0,0,0,0,0,1,0,0,0,0,1994
382,0,0,0,0,0,1,0,0,1,0,0,0,0,0,0,0,0,0,0,1994
383,0,0,0,0,1,1,0,0,0,0,0,0,0,0,0,0,0,0,0,1994
384,0,0,0,0,0,1,0,0,0,0,0,0,0,0,0,0,0,0,0,1994
385,0,1,1,0,0,1,0,0,0,0,0,0,0,0,1,0,0,0,0,1994
386,0,0,0,0,0,1,0,0,0,0,0,0,0,0,0,0,0,0,0,1993
387,0,0,0,0,0,0,0,0,1,0,0,0,0,0,0,0,0,0,0,1993
388,0,1,0,0,0,1,0,0,0,0,0,0,0,0,0,0,0,0,0,1994
389,0,0,1,0,1,0,0,0,0,0,0,0,0,0,0,0,0,0,0,1994
390,0,0,0,0,0,1,0,0,0,0,0,0,0,0,0,0,0,0,0,1993
391,0,1,0,0,0,1,0,0,0,0,0,0,0,0,0,0,0,0,0,1993
392,0,0,0,0,0,0,0,0,1,0,0,0,0,0,0,0,0,0,0,1993
393,0,0,0,0,0,1,0,0,0,0,0,0,0,0,0,0,0,0,0,1993
394,0,0,0,0,0,1,0,0,0,0,0,0,0,1,1,0,0,0,0,1994
395,0,0,0,0,0,1,0,0,0,0,0,0,0,0,0,0,0,0,0,1993
396,0,0,0,0,0,1,1,0,0,0,0,1,0,0,0,0,0,0,0,1994
397,0,1,0,0,0,0,0,0,0,0,0,0,0,0,0,0,0,0,0,1993
398,0,1,1,0,1,0,0,0,0,0,0,0,0,0,0,1,0,0,0,1993
399,0,1,1,0,0,1,0,0,0,0,0,0,0,0,0,0,0,0,0,1993
400,0,0,0,0,1,1,0,0,0,0,0,0,0,0,0,0,0,0,0,1994
401,0,0,0,0,0,1,0,0,0,0,0,0,0,0,0,0,0,0,0,1995
402,0,0,0,0,0,1,0,0,0,0,0,0,0,0,1,0,1,0,0,1990
403,0,1,1,0,0,0,1,0,1,0,0,0,0,0,0,0,0,0,0,1989
404,0,0,0,1,1,0,0,0,0,0,0,0,0,0,0,0,0,0,0,1940
405,0,1,1,0,0,0,0,0,0,0,0,0,0,1,0,0,0,0,0,1996
406,0,0,0,0,0,0,0,0,0,0,0,1,0,0,0,0,1,0,0,1996
407,0,0,0,0,0,1,0,0,0,0,0,0,0,0,0,0,0,0,0,1996
408,0,0,0,1,0,1,0,0,0,0,0,0,0,0,0,0,1,0,0,1996
409,0,0,0,0,0,1,0,0,1,0,0,0,0,0,0,0,0,0,0,1996
410,0,0,0,0,0,1,0,0,0,0,0,0,0,0,0,0,0,0,0,1996
411,0,0,0,0,0,1,0,0,0,1,0,0,0,0,1,1,0,0,0,1996
412,0,0,0,0,0,1,0,0,0,0,0,0,0,0,0,0,0,0,0,1996
413,0,0,0,0,0,0,0,0,0,0,0,1,0,0,0,0,0,0,0,1996
414,0,0,0,0,0,1,0,0,0,0,0,0,0,0,0,0,0,0,0,1982
415,0,0,0,0,1,1,0,0,0,0,0,0,0,0,0,0,0,0,1,1975
416,0,0,0,0,1,0,0,0,1,0,0,0,0,0,0,0,0,0,0,1957
417,0,0,0,0,1,0,0,0,1,0,0,0,0,0,0,0,0,0,0,1961
418,0,0,0,1,1,0,0,0,0,0,0,0,1,0,0,0,0,0,0,1950
419,0,0,0,0,1,1,0,0,0,0,0,0,1,0,0,0,0,0,0,1964
420,0,0,0,1,1,0,0,0,0,0,0,0,1,0,0,0,0,0,0,1951
421,0,0,0,0,0,0,0,0,1,0,0,0,0,0,1,0,0,0,0,1996
422,0,0,0,1,1,1,0,0,0,0,0,0,0,0,0,0,0,0,0,1996
423,0,0,0,0,1,0,0,0,1,1,0,0,0,0,0,1,0,0,0,1982
424,0,0,0,0,0,0,0,0,0,0,0,1,0,0,0,0,0,0,0,1996
425,0,0,0,0,0,1,0,0,0,0,0,0,0,0,0,0,0,0,0,1992
426,0,1,0,1,1,0,0,0,0,0,0,0,0,0,0,1,1,1,0,1986
427,0,0,0,0,0,0,0,0,1,0,0,0,0,0,0,0,0,0,0,1962
428,0,0,0,0,0,1,0,0,0,0,0,0,0,0,0,0,0,0,0,1971
429,0,0,0,0,0,0,0,0,1,0,0,0,0,0,0,1,0,0,0,1951
430,0,0,0,0,0,1,0,0,0,0,0,0,0,0,0,0,0,1,0,1933
431,0,1,1,0,0,0,0,0,0,0,0,0,0,0,0,0,0,0,0,1986
432,0,0,0,1,1,0,0,0,0,0,0,0,1,0,0,0,0,0,0,1940
433,0,0,0,0,0,1,0,0,0,0,0,0,0,0,0,0,0,0,0,1989
434,0,0,0,0,0,0,0,0,0,0,0,0,0,0,0,1,0,0,0,1956
435,0,1,0,0,0,1,0,0,0,0,0,0,0,0,0,0,0,0,1,1969
436,0,0,0,0,0,0,0,0,0,0,0,1,0,0,0,0,0,0,0,1981
437,0,0,0,0,0,0,0,0,0,0,0,1,0,0,0,0,0,0,0,1992
438,0,0,0,0,0,0,0,0,0,0,0,1,0,0,0,0,0,0,0,1983
439,0,0,0,0,0,0,0,0,0,0,0,1,0,0,0,0,0,0,0,1993
440,0,0,0,0,0,0,0,0,0,0,0,1,0,0,0,0,0,0,0,1982
441,0,0,0,0,0,0,0,0,0,0,0,1,0,0,0,0,0,0,0,1979
442,0,0,0,0,0,0,0,0,0,0,0,1,0,0,0,0,0,0,0,1990
443,0,0,0,0,0,0,0,0,0,0,0,1,0,0,0,0,0,0,0,1963
444,0,0,0,0,0,0,0,0,0,0,0,1,0,0,0,1,0,0,0,1958
445,0,0,0,0,0,0,0,0,0,0,0,1,0,0,0,0,0,0,0,1945
446,0,0,0,0,0,0,0,0,0,0,0,1,0,0,0,0,0,0,0,1976
447,0,0,0,0,0,0,0,0,0,0,0,1,0,0,0,0,0,0,0,1976
448,0,0,0,0,0,0,0,0,0,0,0,1,0,0,0,0,0,0,0,1976
449,0,1,1,0,0,0,0,0,0,0,0,0,0,0,0,1,0,0,0,1979
450,0,1,1,0,0,0,0,0,0,0,0,0,0,0,0,1,0,0,0,1989
451,0,0,0,0,0,1,0,0,0,0,0,0,1,0,1,0,0,0,0,1978
452,0,1,0,0,0,0,0,0,0,0,0,1,0,0,0,0,0,0,0,1978
453,0,1,0,0,0,0,0,0,0,0,0,1,0,0,0,0,0,0,0,1983
454,0,0,0,0,0,0,0,0,1,0,0,0,0,0,0,0,0,0,0,1996
455,0,1,0,0,0,0,0,0,0,0,0,0,0,0,0,0,0,0,0,1997
456,0,1,0,0,0,1,0,0,0,0,0,0,0,0,0,0,0,0,0,1997
457,0,0,1,0,1,0,0,0,1,0,0,0,0,0,0,0,0,0,0,1997
458,0,0,0,0,0,0,0,0,1,0,0,0,0,0,0,0,0,0,0,1995
459,0,0,0,0,0,0,0,0,1,0,0,0,0,0,0,0,0,0,0,1995
460,0,0,0,0,0,0,0,0,1,0,0,0,0,0,0,0,0,0,0,1995
461,0,0,0,0,0,0,0,0,1,0,0,0,0,0,0,0,0,0,0,1995
462,0,0,0,0,0,0,0,0,1,0,0,0,0,0,1,0,0,0,0,1992
463,0,0,1,0,0,0,0,0,0,0,0,0,0,0,0,0,0,0,0,1994
464,0,0,0,0,0,0,0,0,1,0,0,0,0,0,0,0,0,0,0,1994
465,0,0,1,0,1,0,0,0,0,0,0,0,0,0,1,0,0,0,0,1994
466,0,0,0,0,0,0,0,0,0,0,0,0,0,0,0,0,1,0,0,1992
467,0,0,0,0,0,0,0,0,1,0,0,0,0,0,0,0,0,0,0,1993
468,0,0,0,0,0,0,0,0,1,0,0,0,0,0,0,0,0,0,0,1993
469,0,0,0,0,0,0,0,0,1,0,0,0,0,0,0,0,0,0,0,1993
470,0,0,0,0,0,0,0,0,0,0,0,0,0,0,0,0,0,0,1,1993
471,0,0,0,0,0,0,0,0,1,0,0,0,0,0,0,0,0,1,0,1996
472,0,1,1,0,0,0,0,0,0,1,0,0,0,0,0,0,0,0,0,1996
473,0,0,0,1,1,0,0,0,0,0,0,0,1,0,0,0,0,0,0,1996
474,0,0,0,0,0,0,0,0,0,0,0,0,0,0,0,1,0,1,0,1963
475,0,0,0,0,0,0,0,0,1,0,0,0,0,0,0,0,0,0,0,1996
476,0,0,0,0,0,1,0,0,0,0,0,0,0,0,0,0,0,0,0,1996
477,0,0,0,0,1,1,0,0,0,0,0,0,0,0,0,0,0,0,0,1996
478,0,0,0,0,0,1,0,0,0,0,0,0,0,0,1,0,0,0,0,1940
479,0,0,0,0,0,0,0,0,0,0,0,0,0,1,0,0,1,0,0,1958
480,0,0,0,0,0,1,0,0,0,0,0,0,0,0,0,0,1,0,0,1959
481,0,0,0,0,0,1,0,0,1,0,0,0,0,0,0,0,0,0,0,1960
482,0,0,0,0,0,1,1,0,0,0,0,0,0,0,0,0,0,0,0,1959
483,0,0,0,0,0,0,0,0,1,0,0,0,0,0,1,0,0,1,0,1942
484,0,0,0,0,0,0,0,0,0,0,1,0,0,1,0,0,0,0,0,1941
485,0,0,0,0,0,0,0,0,0,0,0,0,1,0,1,0,0,0,0,1964
486,0,0,0,0,0,1,0,0,0,0,0,0,0,0,1,0,0,0,0,1954
487,0,0,0,0,0,1,0,0,0,0,0,0,0,0,1,0,0,0,0,1953
488,0,0,0,0,0,0,0,0,0,0,1,0,0,0,0,0,0,0,0,1950
489,0,0,0,0,0,0,0,0,0,0,1,0,0,0,1,0,1,0,0,1946
490,0,0,0,0,0,1,0,0,0,0,0,0,0,0,1,0,1,0,0,1955
491,0,1,1,0,0,0,0,0,0,0,0,0,0,0,0,0,0,0,0,1938
492,0,0,0,0,0,0,0,0,1,0,0,0,0,0,0,0,0,0,0,1955
493,0,0,0,0,0,0,0,0,0,0,0,0,0,1,0,0,0,0,0,1934
494,0,0,0,0,0,1,0,0,0,0,0,0,0,0,0,0,0,0,0,1940
495,0,0,1,0,0,1,0,0,0,0,0,0,0,0,0,0,0,0,0,1956
496,0,0,0,0,0,0,0,0,1,0,0,0,0,0,0,0,0,0,0,1946
497,0,0,0,0,0,1,0,0,0,0,0,0,0,0,0,0,0,0,0,1938
498,0,1,1,0,0,0,0,0,0,0,0,0,0,0,1,0,0,1,0,1951
499,0,0,0,0,0,0,0,0,1,0,0,0,0,0,0,0,0,0,0,1958
500,0,0,1,0,1,0,0,0,0,0,0,0,0,0,0,0,0,0,0,1996
501,0,0,0,1,1,0,0,0,0,0,0,0,1,0,0,0,0,0,0,1941
502,0,0,0,0,0,1,0,0,0,0,0,0,0,0,0,0,0,1,0,1971
503,0,0,0,0,0,0,0,0,1,0,0,0,0,0,0,0,0,0,0,1972
504,0,0,0,0,0,0,1,0,1,0,0,0,0,0,0,0,0,0,0,1967
505,0,0,0,0,0,0,0,0,0,0,0,0,0,1,0,0,1,0,0,1954
506,0,0,0,0,0,0,0,0,1,0,0,0,0,0,0,0,0,0,0,1955
507,0,0,0,0,0,0,0,0,1,0,0,0,0,0,0,0,0,0,0,1951
508,0,0,0,0,0,0,0,0,1,0,0,0,0,0,0,0,0,0,0,1996
509,0,0,0,0,0,0,0,0,1,0,0,0,0,0,0,0,0,0,0,1989
510,0,1,0,0,0,0,0,0,1,0,0,0,0,0,0,0,0,0,1,1954
511,0,0,1,0,0,0,0,0,0,0,0,0,0,0,0,0,0,1,0,1962
512,0,0,0,0,0,1,0,0,1,0,0,0,0,0,1,0,0,0,0,1987
513,0,0,0,0,0,0,0,0,0,0,0,0,0,1,0,0,1,0,0,1949
514,0,0,0,0,0,1,0,0,0,0,0,0,0,0,1,0,0,0,0,1977
515,0,1,0,0,0,0,0,0,1,0,0,0,0,0,0,0,0,1,0,1997
516,0,0,0,0,0,1,0,0,0,0,0,0,0,0,0,0,0,0,0,1983
517,0,0,0,0,0,1,0,0,1,0,0,0,0,0,1,0,0,0,0,1979
518,0,0,0,0,0,0,0,0,1,0,0,0,0,0,0,0,0,0,0,1990
519,0,0,1,0,0,0,0,0,0,0,0,0,0,0,0,0,0,0,0,1948
520,0,0,1,0,0,0,0,0,0,0,0,0,0,0,0,0,0,1,0,1963
521,0,0,0,0,0,0,0,0,1,0,0,0,0,0,0,0,0,1,0,1978
522,0,0,0,0,0,1,0,0,1,0,0,0,0,0,0,0,0,0,0,1986
523,0,0,0,0,0,1,0,0,1,0,0,0,0,0,0,0,0,0,0,1967
524,0,0,0,0,0,1,0,0,0,0,0,0,0,0,0,0,0,0,0,1940
525,0,0,0,0,0,0,0,0,0,0,1,0,0,1,0,0,0,0,0,1946
526,0,1,1,0,0,0,0,0,1,0,0,0,0,0,0,0,0,0,0,1959
527,0,0,0,0,0,0,0,0,1,0,0,0,0,0,0,0,0,0,0,1982
528,0,0,0,0,0,0,0,0,1,0,0,0,0,0,0,0,0,1,0,1984
529,0,0,0,0,0,0,0,0,1,0,0,0,0,0,0,0,0,0,0,1985
530,0,0,1,0,0,0,0,0,0,0,0,0,0,0,0,0,0,0,0,1975
531,0,0,0,0,0,0,0,0,1,0,0,0,0,0,1,0,0,0,0,1996
532,0,0,0,0,0,0,0,0,0,0,0,0,0,0,1,0,0,0,0,1997
533,0,0,0,0,0,0,0,0,0,0,0,0,0,1,0,0,0,0,0,1997
534,0,0,0,0,0,0,0,0,1,0,0,0,0,0,0,0,0,0,0,1997
535,0,0,0,0,0,1,0,0,0,0,0,0,0,0,1,0,0,0,0,1997
536,0,0,0,0,0,0,0,0,1,0,0,0,0,0,0,0,0,0,0,1997
537,0,0,0,0,0,0,0,0,1,0,0,0,0,0,0,0,0,0,0,1991
538,0,0,0,1,1,0,0,0,0,0,0,0,1,0,0,0,0,0,0,1997
539,0,0,0,0,1,1,0,0,0,0,0,0,0,0,0,0,0,0,0,1997
540,0,1,0,0,0,0,0,0,0,0,0,0,0,0,0,0,0,0,0,1995
541,0,1,1,0,0,0,0,0,0,0,0,0,0,0,0,0,0,0,0,1995
542,0,0,0,1,1,0,0,0,0,0,0,0,1,0,1,0,0,0,0,1995
543,0,0,0,0,0,0,0,0,1,0,0,0,1,0,0,0,0,0,0,1995
544,0,0,0,0,0,0,1,0,1,0,0,0,0,0,1,0,0,0,0,1996
545,0,0,0,0,0,1,0,0,0,0,0,0,0,0,1,0,0,0,0,1995
546,0,1,0,0,0,0,0,0,0,0,0,0,0,0,0,0,1,0,0,1996
547,0,0,0,0,0,0,1,0,0,0,0,0,0,0,0,0,0,0,0,1996
548,0,0,0,0,1,0,0,0,0,1,0,0,0,0,0,0,0,0,0,1996
549,0,0,0,0,0,0,0,0,1,0,0,0,0,0,1,0,0,1,0,1995
550,0,1,0,0,0,0,0,0,0,0,0,0,0,0,0,0,1,0,0,1995
551,0,0,0,0,0,0,0,0,0,0,0,1,0,0,0,0,0,0,0,1995
552,0,0,0,0,0,0,0,0,0,0,0,0,0,0,0,1,0,0,0,1995
553,0,0,0,0,0,0,0,0,1,0,0,0,0,0,1,0,0,0,0,1995
554,0,1,1,0,0,0,0,0,0,0,0,0,0,0,0,0,0,0,0,1995
555,0,0,0,0,0,0,0,0,1,0,0,0,0,0,0,0,0,0,0,1995
556,0,0,0,0,0,0,0,0,0,0,0,0,0,0,0,0,0,0,1,1995
557,0,0,0,0,0,0,0,0,1,0,0,0,1,0,0,0,0,0,0,1994
558,0,0,0,0,0,0,0,0,1,1,0,0,0,0,0,0,1,0,0,1994
559,0,0,0,0,0,0,0,0,1,0,0,1,0,0,0,0,0,0,0,1994
560,0,0,1,0,1,1,0,0,0,1,0,0,0,0,1,1,0,0,0,1995
561,0,0,0,0,0,0,0,0,1,0,0,1,0,0,0,0,0,0,0,1994
562,0,1,1,0,0,0,0,0,0,0,0,0,0,0,0,0,0,0,1,1995
563,0,0,0,0,0,0,0,0,0,0,0,1,0,0,0,0,0,0,0,1995
564,0,0,0,0,0,1,0,0,0,0,0,1,0,0,0,0,0,0,0,1995
565,0,0,0,0,0,0,0,0,0,0,0,1,0,0,0,0,1,0,0,1995
566,0,1,1,0,0,0,0,0,0,0,0,0,0,0,0,0,1,0,0,1994
567,0,0,0,0,0,0,0,0,0,0,0,1,0,0,0,0,0,0,0,1994
568,0,1,0,0,0,0,0,0,0,0,0,0,0,0,1,0,1,0,0,1994
569,0,0,0,0,0,0,0,0,1,0,0,1,0,0,0,0,0,0,0,1994
570,0,0,0,0,0,0,0,0,0,0,0,0,0,0,0,0,0,0,1,1994
571,0,0,0,0,0,1,0,0,0,0,0,0,0,0,0,0,1,0,0,1993
572,0,1,0,0,0,0,0,0,0,0,0,0,0,0,0,0,1,0,0,1994
573,0,0,0,0,0,0,0,0,0,0,0,1,0,0,0,1,1,0,0,1993
574,0,0,0,0,0,0,0,0,0,0,0,0,0,1,1,0,1,0,0,1993
575,0,0,0,0,0,1,0,0,0,0,0,0,0,0,0,0,0,0,1,1994
576,0,1,1,0,0,0,1,0,0,0,0,0,0,0,0,0,0,0,0,1993
577,0,0,0,0,0,1,0,0,0,0,0,0,0,0,0,1,0,0,0,1993
578,0,1,0,0,0,0,0,0,0,0,0,0,0,0,0,1,0,0,0,1993
579,0,0,0,0,0,1,0,0,0,0,0,0,0,0,0,0,0,0,0,1993
580,0,0,0,0,0,1,0,0,0,0,0,0,0,0,1,0,0,0,0,1995
581,0,0,0,0,0,0,0,0,1,0,0,0,0,0,0,0,1,0,0,1993
582,0,0,0,0,0,0,0,0,1,0,0,0,0,0,1,0,0,0,0,1993
583,0,0,0,0,0,0,1,0,0,0,0,0,0,0,0,0,1,0,0,1993
584,0,0,0,0,1,0,0,0,1,0,0,0,0,0,0,0,0,0,0,1993
585,0,0,0,0,0,1,0,0,0,0,0,0,0,0,0,0,0,0,0,1993
586,0,1,0,0,0,0,0,0,0,0,0,0,0,0,0,0,0,0,0,1994
587,0,0,0,0,0,0,0,0,1,0,0,0,0,1,0,0,0,0,0,1993
588,0,0,0,1,1,0,0,0,0,0,0,0,1,0,0,0,0,0,0,1991
589,0,0,0,0,0,0,0,0,0,0,0,0,0,0,0,0,0,0,1,1969
590,0,1,0,0,0,0,0,0,0,0,0,1,0,0,0,1,0,0,0,1996
591,0,0,0,0,0,0,0,0,1,0,0,0,0,0,0,0,1,0,0,1996
592,0,0,0,0,0,0,0,0,0,0,0,0,0,1,0,0,1,0,0,1995
593,0,0,0,0,0,0,0,0,0,0,0,0,0,0,0,0,0,1,0,1993
594,0,0,0,0,0,0,0,0,1,0,0,0,0,0,1,0,0,0,0,1996
595,0,0,0,0,0,0,0,0,0,0,0,0,0,0,0,0,1,0,0,1996
596,0,0,0,1,1,0,0,0,0,0,0,0,1,0,0,0,0,0,0,1996
597,0,1,0,0,0,0,0,0,0,0,0,0,0,0,0,0,1,0,0,1996
598,0,0,0,0,0,1,0,0,1,0,0,0,0,0,0,0,0,0,0,1996
599,0,1,0,0,0,0,0,0,0,0,0,0,0,0,0,0,0,0,0,1996
600,0,0,0,0,1,0,0,0,0,0,0,0,0,0,0,0,0,0,0,1996
601,0,0,1,0,0,0,0,0,0,0,0,0,0,0,0,0,0,1,0,1943
602,0,0,0,0,0,0,0,0,0,0,0,0,1,0,1,0,0,0,0,1951
603,0,0,0,0,0,0,0,0,0,0,0,0,0,1,0,0,1,0,0,1954
604,0,0,0,0,0,1,0,0,0,0,0,0,0,0,0,0,0,0,0,1934
605,0,0,0,0,0,0,0,0,0,0,0,0,1,0,0,0,0,0,0,1944
606,0,0,0,0,0,0,0,0,1,0,0,0,0,0,0,0,0,0,0,1950
607,0,0,0,0,0,0,0,0,0,0,0,0,0,0,1,0,1,0,0,1940
608,0,0,0,0,0,0,0,0,0,0,0,0,0,1,1,0,1,0,0,1945
609,0,0,0,0,0,1,0,0,0,0,0,0,0,0,0,0,0,0,0,1950
610,0,0,0,0,0,0,0,0,0,0,0,0,1,0,0,0,0,0,0,1958
611,0,0,0,0,0,0,1,0,0,0,1,0,0,1,0,0,0,0,0,1944
612,0,0,0,0,0,0,0,0,1,0,0,0,0,0,0,0,0,0,0,1937
613,0,0,0,0,0,1,0,0,0,0,0,0,0,0,0,0,0,0,0,1936
614,0,0,0,0,0,0,0,0,1,0,0,0,0,0,0,0,0,0,0,1956
615,0,0,0,0,0,0,0,0,0,0,0,0,0,0,0,0,1,0,0,1935
616,0,0,0,0,0,0,0,0,0,0,0,1,0,0,0,1,0,0,0,1968
617,0,0,0,0,0,0,0,0,1,0,0,0,0,0,0,0,0,0,0,1930
618,0,0,0,0,0,0,0,0,1,0,0,0,0,0,0,0,0,0,0,1955
619,0,0,0,0,0,0,0,0,1,0,0,0,0,0,0,0,1,0,0,1996
620,0,0,0,0,0,0,0,0,1,0,0,0,0,0,0,0,0,0,0,1996
621,0,0,0,0,0,0,0,0,0,0,0,0,0,0,0,0,0,0,1,1955
622,0,0,1,0,1,0,0,0,0,0,0,0,0,0,0,0,0,0,0,1960
623,0,0,0,0,1,1,0,0,0,0,0,0,0,0,0,0,0,0,0,1994
624,0,0,0,1,1,0,0,0,0,0,0,0,1,0,0,0,0,0,0,1945
625,0,0,0,1,1,0,0,0,0,0,0,0,0,0,0,0,0,0,0,1963
626,0,0,0,0,1,0,0,0,1,0,0,0,0,0,0,0,0,0,0,1949
627,0,0,0,0,0,0,0,0,1,0,0,0,0,0,0,0,0,0,0,1991
628,0,0,0,0,0,0,1,0,1,0,0,0,0,0,0,0,0,0,0,1996
629,0,0,0,0,0,1,0,0,0,0,0,0,1,0,0,0,0,0,0,1982
630,0,0,0,0,0,1,0,0,0,0,0,0,1,0,0,0,0,0,0,1965
631,0,1,0,0,0,0,0,0,1,0,0,0,0,0,1,0,0,1,0,1992
632,0,0,0,0,0,0,0,0,1,0,0,0,0,0,0,0,0,0,0,1982
633,0,0,0,0,0,0,0,0,1,0,0,0,0,0,0,0,0,0,0,1938
634,0,0,0,0,0,0,0,1,0,0,0,0,0,0,0,0,0,0,0,1996
635,0,0,0,0,0,0,0,0,0,0,0,1,0,0,0,0,0,0,0,1980
636,0,1,1,0,0,0,0,0,0,0,0,0,0,0,0,1,1,0,0,1981
637,0,0,0,0,0,1,0,0,0,0,0,1,0,0,0,0,0,0,0,1981
638,0,0,0,0,0,0,0,0,1,0,0,0,0,0,0,0,0,0,0,1982
639,0,0,0,0,0,0,0,0,1,0,0,0,0,0,0,0,0,0,0,1979
640,0,0,0,0,0,0,0,0,1,0,0,0,0,0,0,0,0,0,0,1989
641,0,0,0,0,0,0,0,0,1,0,0,0,0,0,0,0,0,1,0,1957
642,0,0,0,0,0,0,1,0,1,0,1,0,0,0,0,0,0,0,0,1990
643,0,0,0,0,0,0,0,0,1,0,0,0,0,0,1,0,0,0,0,1994
644,0,0,0,0,0,0,0,1,0,0,0,0,0,0,0,0,0,0,0,1988
645,0,0,0,0,0,0,0,1,0,0,0,0,0,0,0,0,0,0,0,1990
646,0,0,0,0,0,0,0,0,0,0,0,0,0,0,0,0,0,0,1,1969
647,0,0,0,0,0,0,0,0,1,0,0,0,0,0,0,0,0,1,0,1985
648,0,0,0,0,0,1,0,0,0,0,0,0,0,0,1,0,0,0,0,1952
649,0,0,0,0,0,0,1,0,1,0,0,0,0,0,0,0,1,0,0,1984
650,0,0,0,0,0,0,0,0,1,0,0,0,0,0,0,0,0,0,0,1957
651,0,1,0,0,0,0,0,0,1,0,0,0,0,0,0,0,0,1,0,1989
652,0,0,0,0,0,1,0,0,1,0,0,0,0,0,0,0,0,0,0,1990
653,0,0,0,0,0,0,1,0,0,0,1,0,0,0,0,0,1,0,0,1958
654,0,0,0,0,0,0,0,0,0,0,1,0,0,1,0,0,1,0,0,1974
655,0,0,1,0,0,1,0,0,1,0,0,0,0,0,0,0,0,0,0,1986
656,0,0,0,0,0,0,1,0,0,0,1,0,0,0,0,0,1,0,0,1931
657,0,0,0,0,0,0,0,0,0,0,1,0,0,0,0,0,1,0,0,1962
658,0,0,0,0,0,0,0,0,1,0,0,0,0,0,0,0,0,0,0,1990
659,0,0,0,0,0,1,0,0,0,0,0,0,0,1,0,0,1,0,0,1944
660,0,0,0,0,0,0,0,0,1,0,0,0,0,0,0,0,0,0,0,1991
661,0,0,0,0,0,0,0,0,0,0,0,0,0,0,0,0,0,0,1,1952
662,0,0,0,0,0,0,0,0,1,0,0,0,0,0,1,0,0,0,0,1980
663,0,0,0,0,0,1,0,0,0,0,0,0,0,0,0,0,0,0,0,1979
664,0,0,0,0,0,0,0,0,1,0,0,0,0,0,0,0,0,0,0,1984
665,0,1,0,0,0,0,0,0,0,0,0,1,0,0,0,1,1,0,0,1992
666,0,0,0,0,0,0,0,0,0,0,0,1,0,0,0,0,0,0,0,1974
667,0,0,0,0,0,0,0,0,0,0,0,1,0,0,0,0,0,0,0,1977
668,0,1,0,0,0,0,0,0,0,0,0,1,0,0,0,0,0,0,0,1981
669,0,0,0,0,0,0,0,0,0,0,0,1,0,0,0,0,0,0,0,1991
670,0,0,0,0,0,0,0,0,0,0,0,1,0,0,0,1,1,0,0,1993
671,0,0,0,0,0,0,0,0,0,0,0,1,0,0,0,0,0,0,0,1935
672,0,0,0,0,0,0,0,0,0,0,0,1,0,0,0,0,0,0,0,1992
673,0,0,0,0,0,0,0,0,0,0,1,0,0,0,0,0,1,0,0,1962
674,0,0,0,0,0,0,0,0,0,0,0,1,0,0,0,0,0,0,0,1982
675,0,0,0,0,0,0,0,0,0,0,0,1,0,0,0,0,0,0,0,1922
676,0,0,0,0,0,0,0,0,1,0,0,0,0,0,0,0,0,0,0,1996
677,0,0,0,0,0,0,0,1,0,0,0,0,0,0,0,0,0,0,0,1997
678,0,0,0,0,0,0,0,0,1,0,0,0,0,0,0,0,1,0,0,1997
679,0,1,1,0,0,0,0,0,0,0,0,0,0,0,0,0,0,0,0,1981
680,0,1,1,0,0,0,0,0,0,0,0,0,0,0,0,0,0,0,0,1997
681,0,0,0,0,0,0,0,0,0,0,0,1,0,0,0,0,0,0,0,1997
682,0,0,0,0,0,0,0,0,0,0,0,1,0,1,0,0,1,0,0,1997
683,0,0,0,0,0,1,0,0,0,0,0,0,0,0,0,0,0,0,0,1997
684,0,1,0,0,0,0,0,0,0,0,0,0,0,0,0,0,1,0,0,1993
685,0,1,0,0,0,0,0,0,0,0,0,0,0,0,0,0,1,0,0,1996
686,0,1,0,0,0,0,0,0,1,0,0,0,0,0,0,0,0,0,0,1993
687,0,0,0,0,0,1,0,0,0,0,0,0,0,0,0,0,0,1,0,1997
688,0,0,0,0,0,1,0,0,0,0,0,0,0,0,0,0,0,0,0,1997
689,0,1,0,0,0,0,0,0,0,0,0,0,0,0,0,0,1,0,0,1997
690,0,0,0,0,0,0,0,0,1,0,0,0,0,0,0,0,0,1,0,1997
691,0,0,0,0,0,0,0,0,0,0,1,0,0,0,0,1,1,0,0,1998
692,0,0,0,0,0,1,0,0,1,0,0,0,0,0,1,0,0,0,0,1995
693,0,0,0,0,0,0,0,0,1,0,0,0,0,0,0,0,0,0,0,1995
694,0,0,0,0,0,0,0,0,0,0,0,0,0,0,1,0,0,0,0,1995
695,0,0,0,0,0,1,0,0,1,0,0,0,0,0,0,0,0,0,0,1995
696,0,0,0,0,0,0,0,0,1,0,0,0,0,0,0,0,1,0,0,1996
697,0,0,0,0,0,0,0,0,1,0,0,0,0,0,0,0,0,0,0,1995
698,0,0,0,0,0,0,0,0,1,0,0,0,0,0,0,0,0,0,0,1994
699,0,0,0,0,0,0,0,0,1,0,0,0,0,0,0,0,0,0,0,1994
700,0,0,0,0,0,1,0,0,0,0,0,0,0,0,0,0,0,0,0,1995
701,0,0,0,0,0,0,0,1,0,0,0,0,0,0,0,0,0,0,0,1993
702,0,0,0,0,0,1,0,0,0,0,0,0,0,0,1,0,0,0,0,1994
703,0,0,0,0,0,0,0,0,1,0,0,0,0,0,0,0,0,0,0,1994
704,0,0,0,0,0,0,0,0,1,0,0,0,0,0,1,0,0,0,0,1993
705,0,0,0,0,0,0,0,0,0,0,0,0,1,0,1,0,0,0,0,1952
706,0,0,0,0,0,0,0,0,0,0,0,1,0,0,0,0,0,0,0,1996
707,0,0,0,0,0,0,0,0,1,0,0,0,0,0,0,0,0,0,0,1991
708,0,0,0,0,0,0,0,0,1,0,0,0,0,0,0,0,0,0,0,1989
709,0,0,0,0,0,1,0,0,0,0,0,0,0,0,1,0,0,0,0,1992
710,0,0,0,0,0,1,0,0,0,0,0,0,0,0,0,0,0,0,0,1985
711,0,0,0,0,0,0,0,0,1,0,0,0,0,0,0,0,0,0,0,1996
712,0,0,0,0,0,1,0,0,1,0,0,0,0,0,0,0,0,0,0,1987
713,0,0,0,0,0,0,0,0,1,0,0,0,0,0,0,0,0,0,0,1995
714,0,0,0,0,0,0,0,0,1,0,0,0,0,0,1,0,0,0,0,1995
715,0,0,0,0,0,1,0,0,1,0,0,0,0,0,0,0,0,0,0,1995
716,0,0,0,0,0,0,0,0,1,0,0,0,0,0,1,0,0,0,0,1995
717,0,0,0,0,0,0,0,0,1,0,0,0,0,0,0,0,1,0,0,1996
718,0,0,0,0,0,1,0,0,0,0,0,0,0,0,0,0,0,0,0,1996
719,0,0,0,0,0,1,0,0,0,0,0,0,0,0,0,0,0,1,0,1994
720,0,1,1,0,0,0,0,0,1,0,0,0,0,0,1,0,0,0,0,1995
721,0,0,0,0,0,1,0,0,0,0,0,0,0,0,0,0,0,0,0,1995
722,0,0,0,0,0,1,0,0,0,0,0,0,0,0,0,0,0,0,0,1995
723,0,0,0,0,0,1,0,0,1,0,0,0,0,0,0,0,0,0,0,1995
724,0,0,0,0,0,0,0,0,1,0,0,0,0,0,1,0,0,0,0,1995
725,0,0,0,0,0,1,0,0,0,0,0,0,0,0,0,0,0,0,0,1994
726,0,0,0,0,1,0,0,0,1,0,0,0,0,0,0,0,0,0,0,1995
727,0,0,0,0,0,0,0,0,1,0,0,0,0,0,1,0,0,0,0,1994
728,0,0,0,0,0,1,0,0,0,0,0,0,0,0,0,1,0,0,0,1994
729,0,0,0,0,0,0,0,0,1,0,0,0,0,0,0,0,0,0,0,1994
730,0,0,0,0,0,0,0,0,1,0,0,0,0,0,1,0,0,0,0,1996
731,0,0,0,0,0,1,0,0,1,0,0,0,0,0,1,0,0,0,0,1994
732,0,0,0,0,0,1,0,0,0,0,0,0,0,0,1,0,0,0,0,1993
733,0,0,0,0,0,0,0,0,1,0,0,0,0,0,1,0,0,0,0,1994
734,0,0,0,0,0,1,0,0,0,0,0,0,0,0,0,0,0,0,0,1993
735,0,0,0,0,0,0,0,0,1,0,0,0,0,0,0,0,0,0,0,1993
736,0,0,0,0,0,0,0,0,1,0,0,0,0,0,1,0,0,0,0,1993
737,0,0,0,0,0,1,0,0,1,0,0,0,0,0,0,0,0,0,0,1994
738,0,0,0,0,0,1,0,0,0,0,0,0,0,0,1,0,0,0,0,1994
739,0,0,0,0,0,1,0,0,0,0,0,0,0,0,1,0,0,0,0,1990
740,0,0,0,0,0,0,0,0,1,0,0,0,0,0,1,0,0,0,0,1996
741,0,0,0,0,0,0,0,0,1,0,0,0,0,0,0,0,1,0,0,1996
742,0,0,0,0,0,0,0,0,1,0,0,0,0,0,0,0,1,0,0,1996
743,0,1,0,0,0,0,0,0,0,0,0,0,0,0,0,0,1,0,0,1996
744,0,0,0,0,0,0,0,0,1,0,0,0,0,0,0,0,0,1,0,1996
745,0,0,0,0,0,1,0,0,0,0,0,0,0,0,0,0,0,0,0,1972
746,0,0,0,0,0,1,0,0,0,0,0,0,0,0,0,0,0,0,0,1985
747,0,0,0,0,0,1,0,0,0,0,0,0,0,0,1,0,0,0,0,1993
748,0,1,0,0,0,0,0,0,0,0,0,0,0,0,1,0,1,0,0,1997
749,0,0,0,0,0,1,0,0,0,0,0,0,0,0,1,0,0,0,0,1997
750,0,0,0,0,0,0,0,0,1,0,0,0,0,0,0,0,0,0,0,1997
751,0,1,0,0,0,0,0,0,0,0,0,0,0,0,1,0,1,0,0,1997
752,0,1,0,0,0,0,0,0,0,0,0,0,0,0,0,0,1,0,0,1998
753,0,0,0,0,0,0,0,0,1,0,0,0,0,0,0,0,0,0,0,1994
754,0,0,0,0,0,0,1,0,0,0,0,0,0,0,0,0,1,0,0,1997
755,0,1,1,0,1,0,0,0,0,1,0,0,0,0,0,1,0,0,0,1995
756,0,0,0,0,0,1,0,0,0,0,0,0,0,0,0,0,0,0,0,1995
757,0,0,0,0,0,0,0,1,0,0,0,0,0,0,0,0,0,0,0,1995
758,0,0,0,0,0,0,0,0,0,0,0,0,0,0,0,1,1,0,0,1996
759,0,1,0,0,0,0,0,0,0,0,0,0,0,0,0,0,0,0,0,1995
760,0,0,0,0,0,0,0,0,0,0,0,0,0,0,0,1,0,0,0,1995
761,0,1,0,0,0,0,0,0,0,0,0,0,0,0,0,0,1,0,0,1995
762,0,0,0,0,0,0,0,0,1,0,0,0,0,0,0,0,0,0,0,1996
763,0,0,0,0,0,1,0,0,0,0,0,0,0,0,0,0,0,0,0,1996
764,0,0,0,0,0,1,0,0,0,0,0,0,0,0,1,0,0,0,0,1996
765,0,0,0,0,0,1,0,0,0,0,0,0,0,0,1,0,0,0,0,1992
766,0,0,0,0,0,0,0,1,0,0,0,0,0,0,0,0,0,0,0,1996
767,0,0,0,0,0,0,0,0,0,0,0,1,0,0,0,0,0,0,0,1995
768,0,0,1,0,1,0,0,0,0,0,0,0,0,0,0,0,0,0,0,1995
769,0,1,1,0,0,0,0,0,0,0,0,0,0,1,0,1,0,0,0,1995
770,0,0,0,0,0,0,1,0,0,0,1,0,0,1,0,0,1,0,0,1995
771,0,1,0,0,0,0,0,0,0,0,0,0,0,0,0,1,1,0,0,1995
772,0,0,0,0,0,0,0,0,1,0,0,0,0,0,0,0,0,0,0,1995
773,0,0,0,0,0,0,0,0,0,0,0,0,0,0,0,0,1,0,0,1994
774,0,0,0,0,0,0,0,0,0,0,0,1,0,0,0,0,0,0,0,1995
775,0,0,0,0,0,1,0,0,1,0,0,0,0,0,1,0,0,0,0,1995
776,0,0,0,0,0,0,0,0,1,0,0,0,0,0,0,0,0,0,0,1995
777,0,0,0,0,0,0,0,0,0,0,0,1,0,0,0,0,0,0,0,1995
778,0,0,0,0,0,1,0,0,1,0,0,0,0,0,1,0,0,0,0,1995
779,0,1,0,0,0,0,0,0,0,0,0,0,0,0,0,0,0,0,0,1994
780,0,0,0,0,0,1,0,0,0,0,0,0,0,0,0,0,0,0,0,1994
781,0,0,0,0,0,1,0,0,0,0,0,0,0,0,1,0,0,0,0,1995
782,0,0,0,0,0,0,0,0,1,0,0,0,0,0,0,0,0,0,0,1994
783,0,0,0,0,0,1,0,0,0,0,0,0,0,0,1,0,0,0,0,1994
784,0,0,0,0,0,0,0,0,1,0,0,1,0,0,0,0,0,0,0,1993
785,0,0,0,0,0,1,0,0,0,0,0,0,0,0,1,0,0,0,0,1994
786,0,0,0,0,0,1,0,0,0,0,0,0,0,0,1,0,0,0,0,1995
787,0,0,0,0,0,1,0,0,1,0,0,0,0,0,0,0,0,0,0,1995
788,0,0,0,0,0,0,0,0,0,0,0,1,0,0,0,0,1,0,0,1994
789,0,0,0,0,0,1,0,0,1,0,0,0,0,0,0,0,0,0,0,1995
790,0,0,0,0,0,1,0,0,0,0,0,0,0,0,0,0,0,0,0,1995
791,0,0,0,0,1,0,0,0,0,0,0,0,0,0,0,0,0,0,0,1995
792,0,0,0,0,0,1,0,0,0,0,0,0,0,0,0,0,0,0,0,1994
793,0,0,0,0,0,1,0,0,0,0,0,0,0,0,0,0,0,0,0,1994
794,0,0,0,0,0,0,0,0,1,0,0,0,0,0,1,0,0,0,0,1994
795,0,0,0,0,1,1,0,0,0,0,0,0,0,0,0,0,0,0,0,1994
796,0,0,0,0,0,1,0,0,0,0,0,0,0,0,1,0,0,0,0,1994
797,0,1,0,0,0,0,0,0,0,0,0,0,0,0,0,1,0,0,0,1994
798,0,1,0,0,0,0,0,0,0,0,0,0,0,0,0,0,0,0,0,1995
799,0,0,0,0,0,0,0,0,1,0,0,0,0,0,0,0,0,0,0,1995
800,0,0,0,0,0,0,0,0,0,0,0,1,0,0,0,0,1,0,0,1995
801,0,0,0,0,0,1,0,0,0,0,0,0,0,0,0,0,0,0,0,1994
802,0,1,1,0,0,0,1,0,0,0,0,0,0,0,0,0,1,0,0,1993
803,0,1,0,0,0,0,0,0,1,0,0,0,0,0,0,0,0,1,0,1993
804,0,0,0,0,0,1,0,0,0,0,0,0,0,0,0,0,0,0,0,1994
805,0,0,0,0,0,1,0,0,0,0,0,0,0,1,0,0,0,0,0,1993
806,0,1,0,0,0,0,1,0,1,0,0,0,0,0,0,0,0,0,0,1993
807,0,0,0,0,0,0,0,0,1,0,0,0,0,0,0,0,0,0,0,1993
808,0,1,0,0,0,0,0,0,1,0,0,0,0,0,0,0,0,0,0,1993
809,0,1,0,0,0,0,0,0,1,0,0,0,0,1,0,0,0,0,0,1993
810,0,1,0,0,0,0,0,0,0,0,0,0,0,0,0,0,0,0,0,1994
811,0,0,0,0,0,0,0,1,0,0,0,0,0,0,0,0,0,0,0,1993
812,0,0,1,0,1,0,0,0,0,0,0,0,0,0,0,0,0,0,0,1994
813,0,0,0,0,0,0,0,1,0,0,0,0,0,0,0,0,0,0,0,1996
814,0,0,0,0,0,0,0,1,0,0,0,0,0,0,0,0,0,0,0,1994
815,0,0,0,0,0,0,0,0,1,0,0,0,0,0,1,0,0,0,0,1996
816,0,0,0,0,0,0,0,0,0,0,0,1,0,0,0,0,0,0,0,1995
817,0,0,0,0,0,0,0,0,1,0,0,0,0,0,0,0,0,0,0,1996
818,0,0,0,0,0,1,0,0,0,0,0,0,0,0,0,0,0,0,0,1996
819,0,0,0,0,0,1,0,0,0,0,0,0,0,0,0,0,0,0,0,1996
820,0,0,1,1,1,1,0,0,0,1,0,0,0,0,0,0,0,0,0,1996
821,0,0,0,0,0,1,0,0,0,0,0,0,0,0,1,0,0,0,0,1996
822,0,0,0,0,0,0,0,0,1,0,0,0,0,0,0,0,0,0,0,1968
823,0,0,0,0,0,0,1,0,0,0,1,0,0,0,0,0,1,0,0,1996
824,0,0,0,0,0,1,0,0,0,0,0,0,0,0,0,0,0,0,0,1996
825,0,1,0,0,0,0,0,0,0,0,0,0,0,0,0,1,1,0,0,1996
826,0,0,1,0,0,0,0,0,0,0,0,0,0,0,0,0,0,0,0,1996
827,0,1,1,0,0,0,0,0,0,0,0,0,0,0,0,0,1,0,0,1996
828,0,0,1,0,1,0,0,0,0,0,0,0,0,0,0,0,0,0,0,1996
829,0,1,1,0,0,0,0,0,0,0,0,0,0,0,0,0,0,0,0,1996
830,0,1,0,0,0,0,0,0,0,0,0,0,0,1,0,0,1,0,0,1996
831,0,1,1,0,0,0,0,0,0,0,0,0,0,0,0,1,1,0,0,1996
832,0,0,0,0,1,0,0,0,1,1,0,0,0,0,0,0,0,0,0,1996
833,0,1,0,0,0,0,0,0,0,0,0,0,0,0,0,0,0,0,0,1996
834,0,0,0,0,0,0,0,0,0,0,0,1,0,0,0,0,1,0,0,1995
835,0,0,0,0,0,1,0,0,0,0,0,0,1,0,1,0,0,0,0,1934
836,0,0,0,0,0,1,0,0,0,0,0,0,0,0,1,0,0,0,0,1939
837,0,0,0,0,0,0,0,0,1,0,0,0,0,0,0,0,0,0,0,1941
838,0,1,0,0,0,0,0,0,0,0,0,0,0,0,0,0,0,0,0,1996
839,0,0,0,0,0,0,0,0,0,0,0,1,0,0,0,0,1,0,0,1995
840,0,1,0,0,0,0,0,0,1,0,0,0,0,0,0,0,0,0,1,1996
841,0,1,0,0,0,0,0,0,0,0,0,0,0,0,0,0,1,0,0,1996
842,0,0,0,0,1,1,0,0,1,0,0,0,0,0,0,0,0,0,0,1960
843,0,0,0,0,1,1,0,0,0,0,0,0,0,0,0,0,0,0,0,1959
844,0,0,0,0,0,0,1,0,0,0,0,0,0,0,0,0,0,0,0,1996
845,0,0,0,0,0,1,0,0,0,0,0,0,0,0,0,0,0,0,0,1996
846,0,0,0,0,0,0,0,0,1,0,0,0,0,0,1,0,0,0,0,1996
847,0,0,0,0,0,0,0,1,1,0,0,0,0,0,0,0,0,0,0,1996
848,0,0,0,0,0,0,0,0,0,0,1,0,0,0,0,0,1,0,0,1944
849,0,1,0,0,0,0,0,0,0,0,0,0,0,0,1,0,0,0,0,1990
850,0,0,0,0,0,0,0,1,0,0,0,0,0,0,0,0,0,0,0,1996
851,0,0,0,0,0,0,0,0,1,0,0,0,0,0,0,0,0,0,0,1966
852,0,0,0,0,0,0,0,0,1,0,0,0,0,0,0,0,1,0,0,1996
853,0,0,0,0,0,1,0,0,0,0,0,1,0,0,0,0,0,0,0,1992
854,0,0,0,0,0,1,0,0,0,0,0,1,0,0,0,0,0,0,0,1987
855,0,1,0,0,0,0,0,0,1,0,0,0,0,1,1,0,1,0,0,1981
856,0,0,0,0,0,1,0,0,1,0,0,0,0,0,0,0,0,0,0,1991
857,0,0,0,0,0,0,0,1,0,0,0,0,0,0,0,0,0,0,0,1996
858,0,0,0,0,0,0,0,0,0,0,0,1,0,0,0,0,0,0,0,1996
859,0,0,0,0,0,1,0,0,0,0,0,1,0,0,0,0,0,0,0,1986
860,0,0,0,0,0,0,0,0,0,0,0,1,0,0,0,0,1,0,0,1987
861,0,0,0,0,0,0,0,0,0,0,0,1,0,0,0,0,0,0,0,1986
862,0,0,1,0,1,1,0,0,0,0,0,0,0,0,0,0,0,0,0,1996
863,0,0,0,0,0,0,0,0,1,0,0,0,0,0,0,0,0,0,0,1996
864,0,0,0,0,0,1,0,0,0,0,0,0,0,0,0,0,0,0,0,1996
865,0,0,0,0,0,0,0,0,1,0,0,0,0,0,0,0,0,0,0,1997
866,0,0,0,0,0,1,0,0,0,0,0,0,0,0,1,0,0,0,0,1996
867,0,0,0,0,0,0,0,0,1,0,0,0,0,0,0,0,0,0,0,1996
868,0,0,0,0,0,0,0,0,1,0,0,0,0,0,0,0,0,0,0,1997
869,0,0,0,0,0,1,0,0,0,0,0,0,0,0,1,0,0,0,0,1997
870,0,0,0,0,0,0,0,0,0,0,0,0,0,0,1,0,0,0,0,1997
871,0,0,0,0,0,1,0,0,0,0,0,0,0,0,0,0,0,0,0,1997
872,0,0,0,0,0,0,0,0,0,0,0,0,0,0,1,0,0,0,0,1997
873,0,0,0,0,0,1,0,0,0,0,0,0,0,0,1,0,0,0,0,1997
874,0,0,0,0,0,0,0,0,1,0,0,0,0,0,0,0,0,0,0,1997
875,0,0,0,0,0,0,0,0,1,0,0,0,0,0,1,0,0,0,0,1997
876,0,1,0,0,0,1,0,0,0,0,0,0,0,0,0,0,0,0,0,1997
877,0,0,1,0,0,0,0,0,0,0,0,0,0,0,1,0,0,0,0,1997
878,0,0,0,0,1,1,0,0,0,0,0,0,0,1,0,0,0,0,0,1997
879,0,1,0,0,0,0,0,0,0,0,0,0,0,0,0,0,1,1,0,1997
880,0,0,0,0,0,0,0,0,1,0,0,0,0,0,0,0,0,0,0,1997
881,0,1,0,0,0,1,0,0,0,0,0,0,0,0,0,0,0,0,0,1997
882,0,0,0,0,0,0,0,0,1,0,0,0,0,0,0,0,0,0,0,1997
883,0,0,0,0,0,0,0,0,1,0,0,0,0,0,0,0,0,0,0,1997
884,0,0,0,0,0,0,0,1,0,0,0,0,0,0,0,0,0,0,0,1997
885,0,0,0,0,0,0,0,0,0,0,0,1,0,0,0,0,0,0,0,1998
886,0,0,0,0,0,0,0,0,0,0,0,0,0,0,1,0,1,0,0,1997
887,0,0,0,0,0,0,0,0,1,0,0,0,0,0,0,0,0,0,0,1997
888,0,0,0,0,0,0,0,0,1,0,0,0,0,0,0,0,0,0,0,1997
889,0,0,0,0,0,0,0,0,0,0,0,0,0,0,1,0,0,0,0,1997
890,0,1,1,0,0,0,0,0,0,0,0,0,0,0,0,0,0,0,0,1997
891,0,0,0,0,0,0,0,0,1,0,0,0,0,0,0,0,0,1,0,1997
892,0,0,0,0,1,1,0,0,0,1,0,0,0,0,0,0,0,0,0,1997
893,0,0,0,0,0,1,0,0,0,0,0,0,0,0,0,0,0,0,0,1997
894,0,0,0,0,1,1,0,0,0,0,0,0,0,0,0,0,0,0,0,1997
895,0,0,0,0,0,0,0,0,0,0,0,1,0,0,0,0,1,0,0,1997
896,0,0,0,0,0,0,0,0,1,0,0,0,0,0,0,0,0,0,0,1997
897,0,1,1,0,0,0,0,0,0,0,0,0,0,0,0,1,0,0,0,1995
898,0,0,0,0,0,0,0,0,1,0,0,0,0,0,0,0,0,0,0,1997
899,0,0,0,0,0,0,0,0,1,0,0,0,0,0,0,0,0,0,0,1997
900,0,0,0,0,0,0,0,0,1,0,0,0,0,0,0,0,0,0,0,1997
901,0,0,0,0,0,1,0,0,0,0,0,0,0,0,0,0,0,0,0,1997
902,0,0,0,0,0,1,1,0,0,0,0,0,0,1,0,0,1,0,0,1997
903,0,0,0,0,0,0,0,0,1,0,0,0,0,0,1,0,0,0,0,1997
904,0,0,0,0,0,1,0,0,1,0,0,0,0,0,0,0,0,0,0,1997
905,0,0,0,0,0,0,0,0,1,0,0,0,0,0,1,0,0,0,0,1998
906,0,0,0,0,0,0,0,0,1,0,0,0,0,0,1,0,0,0,0,1997
907,0,0,0,0,0,1,0,0,0,0,0,0,0,0,0,0,0,0,0,1997
908,0,0,0,0,0,1,0,0,0,0,0,0,0,0,0,0,0,0,0,1998
909,0,0,0,0,0,0,0,0,1,0,0,0,0,0,0,0,0,0,0,1998
910,0,0,0,0,0,0,0,0,1,0,0,0,0,0,0,0,0,0,0,1998
911,0,0,0,0,0,0,1,0,1,0,0,0,0,0,0,0,0,0,0,1998
912,0,1,0,0,0,0,0,0,0,0,0,0,0,0,0,0,1,0,0,1998
913,0,0,0,0,0,1,0,0,0,0,0,0,0,0,0,0,0,0,0,1998
914,0,0,0,0,0,0,1,0,1,0,0,0,0,1,0,0,1,0,0,1998
915,0,0,0,0,0,0,0,0,1,0,0,0,0,0,0,0,0,0,0,1998
916,0,1,0,0,0,0,0,0,0,0,0,0,0,0,0,1,1,0,0,1998
917,0,1,0,0,0,0,0,0,1,0,0,0,0,0,0,0,1,0,0,1998
918,0,0,0,0,0,0,0,0,0,0,0,0,0,0,1,0,0,0,0,1998
919,0,0,1,0,0,0,0,0,0,0,0,0,0,0,0,1,0,0,0,1995
920,0,0,0,0,0,0,0,0,1,0,0,0,0,0,0,0,0,0,0,1995
921,0,0,0,0,0,0,0,0,1,0,0,0,0,0,1,0,0,0,0,1993
922,0,0,0,0,0,0,0,0,0,0,0,0,0,0,0,0,0,0,1,1996
923,0,0,0,0,0,0,0,0,1,0,0,0,0,0,0,0,0,0,0,1991
924,0,0,1,0,0,0,0,0,1,0,0,0,0,0,0,0,0,0,0,1996
925,0,0,0,0,0,0,0,0,0,0,0,0,0,0,0,1,1,0,0,1996
926,0,0,0,0,0,1,0,0,0,0,0,0,0,0,0,0,0,0,0,1996
927,0,0,0,0,0,0,0,0,1,0,0,0,0,0,0,0,0,0,0,1996
928,0,0,0,0,0,0,0,0,1,0,0,1,0,0,0,0,0,0,0,1996
929,0,0,0,0,1,1,0,0,0,0,0,0,0,0,0,0,0,0,0,1996
930,0,1,1,0,0,0,0,0,0,0,0,0,0,0,0,0,1,0,0,1996
931,0,0,0,0,0,0,0,0,0,0,0,0,0,0,0,1,1,0,0,1996
932,0,0,0,0,1,1,0,0,0,0,0,0,0,0,0,0,0,0,0,1996
933,0,0,0,0,0,0,0,0,1,0,0,0,0,0,0,0,0,0,0,1996
934,0,0,0,0,0,0,0,0,1,0,0,0,0,0,0,0,0,0,0,1996
935,0,0,0,0,0,0,0,0,1,0,0,0,0,0,0,0,0,1,0,1997
936,0,0,0,0,0,1,0,0,1,0,0,0,0,0,1,0,0,0,0,1997
937,0,0,0,0,0,0,0,0,1,0,0,0,0,0,0,0,0,0,0,1997
938,0,0,0,0,0,1,0,0,0,0,0,0,0,0,1,0,0,0,0,1997
939,0,0,0,0,0,0,0,0,1,0,0,0,0,0,0,0,1,0,0,1995
940,0,0,0,0,0,1,0,0,0,0,0,0,0,0,0,0,0,0,0,1994
941,0,0,0,0,0,1,0,0,1,0,0,0,0,0,0,0,0,0,0,1994
942,0,0,0,0,0,0,0,0,1,0,0,0,0,0,0,0,0,0,0,1993
943,0,0,0,0,0,0,0,0,0,0,0,0,0,0,0,0,1,0,0,1994
944,0,0,0,0,0,1,0,0,1,0,0,0,0,0,0,0,0,1,0,1994
945,0,0,0,0,0,1,0,0,0,0,0,0,0,1,1,0,1,0,0,1963
946,0,0,0,1,1,0,0,0,0,0,0,0,0,0,0,0,0,0,0,1981
947,0,0,1,0,0,0,0,0,0,0,0,0,0,0,1,0,0,0,0,1988
948,0,0,0,0,0,1,0,0,0,0,0,0,0,0,1,0,0,0,0,1997
949,0,0,0,0,0,0,0,0,1,0,0,0,0,0,1,0,0,0,0,1995
950,0,0,0,0,0,0,0,0,1,0,0,0,0,0,0,0,0,0,0,1995
951,0,0,1,0,1,0,0,0,0,1,0,0,0,0,0,0,0,0,0,1995
952,0,0,0,0,0,1,0,0,0,0,0,0,0,0,0,0,0,0,0,1995
953,0,0,0,0,0,1,0,0,1,0,0,0,0,0,0,0,0,0,0,1995
954,0,0,0,0,0,0,0,1,0,0,0,0,0,0,0,0,0,0,0,1995
955,0,0,0,0,0,0,0,0,1,0,0,0,0,0,1,0,0,0,0,1995
956,0,0,0,0,0,0,0,0,1,0,0,0,0,0,0,0,0,0,0,1994
957,0,0,0,0,0,1,0,0,0,0,0,0,0,0,0,0,0,0,0,1992
958,0,0,0,0,0,0,0,0,1,0,0,0,0,0,0,0,0,0,0,1994
959,0,0,0,0,0,1,0,0,0,0,0,0,0,0,0,0,0,0,0,1993
960,0,0,0,0,0,0,0,0,1,0,0,0,0,0,0,0,0,0,0,1993
961,0,0,0,0,0,0,0,0,1,0,0,0,0,0,0,0,0,0,0,1993
962,0,0,0,0,0,0,0,0,1,0,0,0,0,0,0,0,0,0,0,1993
963,0,0,0,0,0,0,0,0,1,0,0,0,0,0,0,0,1,0,0,1993
964,0,0,0,0,0,1,0,0,1,0,0,0,0,0,0,0,0,0,0,1995
965,0,0,0,0,0,1,0,0,0,0,0,0,1,0,0,0,0,0,0,1957
966,0,0,0,0,0,0,0,0,0,0,0,0,0,0,1,0,0,0,0,1957
967,0,0,0,0,0,0,0,0,1,0,0,0,0,0,0,0,0,0,0,1936
968,0,0,0,0,0,0,0,0,0,0,0,0,1,0,0,0,0,0,0,1949
969,0,0,0,1,1,0,0,0,0,0,0,0,0,0,0,0,0,0,0,1968
970,0,0,0,0,0,1,0,0,0,0,0,0,0,0,0,0,0,0,0,1991
971,0,0,0,0,0,1,0,0,0,0,0,0,0,0,0,0,0,1,0,1991
972,0,0,0,0,0,0,0,0,1,0,0,0,0,0,0,0,0,0,0,1992
973,0,0,0,0,0,0,0,1,0,0,0,0,0,0,0,0,0,0,0,1996
974,0,0,0,0,0,0,0,0,1,0,0,0,0,0,0,0,1,0,0,1996
975,0,0,0,0,0,0,0,0,0,0,0,0,0,0,0,0,1,0,0,1996
976,0,1,0,0,0,0,0,0,0,0,0,0,0,0,0,1,1,0,0,1996
977,0,1,0,0,0,0,0,0,0,0,0,0,0,0,0,0,0,0,0,1996
978,0,0,0,0,0,0,0,0,0,0,0,0,0,1,0,0,1,0,0,1996
979,0,0,0,0,0,0,0,0,1,0,0,0,0,0,0,0,1,0,0,1996
980,0,0,0,0,0,0,0,0,1,0,0,0,0,0,0,0,0,0,0,1996
981,0,0,0,0,0,0,0,0,1,0,0,0,0,0,0,0,0,0,0,1996
982,0,1,1,0,0,0,0,0,0,0,0,0,0,0,0,0,1,0,0,1996
983,0,0,0,0,0,0,0,0,0,0,0,0,0,0,0,0,1,0,0,1996
984,0,0,0,0,0,0,0,0,0,0,0,0,0,0,0,0,1,0,0,1997
985,0,0,0,0,0,0,0,0,1,0,0,0,0,0,0,0,0,0,0,1996
986,0,0,0,0,0,0,0,0,0,0,0,0,0,0,0,0,1,0,0,1997
987,0,0,0,0,0,0,0,0,0,0,0,0,0,0,0,0,1,0,0,1997
988,0,0,0,0,0,1,0,0,0,0,0,0,0,0,1,0,0,0,0,1997
989,0,0,0,1,1,0,0,0,0,0,0,0,1,0,0,0,0,0,0,1997
990,0,0,0,0,0,0,0,0,1,0,0,0,0,0,1,0,0,0,0,1997
991,0,0,0,0,0,0,1,0,0,0,0,0,0,0,0,0,0,0,0,1997
992,0,0,0,0,0,1,0,0,0,0,0,0,0,0,0,0,1,0,0,1997
993,0,0,1,1,1,1,0,0,0,0,0,0,1,0,0,0,0,0,0,1997
994,0,0,0,0,0,0,0,0,1,0,0,0,0,0,0,0,0,0,0,1997
995,0,0,0,0,0,1,0,0,0,0,0,0,0,0,0,0,0,0,0,1997
996,0,0,0,0,1,1,0,0,0,0,0,0,0,0,0,0,0,0,0,1995
997,0,0,0,0,0,1,0,0,0,0,0,0,0,0,0,0,0,0,0,1995
998,0,0,0,0,0,1,0,0,0,0,0,0,0,0,0,0,0,0,0,1994
999,0,0,0,0,0,1,0,0,0,0,0,0,0,0,0,0,0,0,0,1994
1000,0,0,0,0,0,1,0,0,0,0,0,0,0,0,0,0,0,0,1,1994
1001,0,0,0,0,0,1,0,0,0,0,0,0,0,0,0,0,0,0,0,1996
1002,0,0,0,0,0,1,0,0,0,0,0,0,0,0,0,0,0,0,0,1997
1003,0,0,0,0,1,1,0,0,0,0,0,0,0,1,0,0,0,0,0,1997
1004,0,0,0,0,0,0,0,0,1,0,0,0,0,0,0,0,0,0,1,1993
1005,0,0,0,0,0,0,0,0,1,0,0,0,0,0,0,0,0,0,0,1991
1006,0,0,0,0,0,0,0,0,1,0,0,0,0,0,0,1,0,0,0,1991
1007,0,0,0,0,0,1,0,0,0,0,0,0,0,0,0,0,0,0,0,1997
1008,0,0,0,0,0,0,0,0,1,0,0,0,0,0,0,0,0,0,0,1996
1009,0,0,0,0,0,0,0,0,1,0,0,0,0,0,0,0,0,0,0,1996
1010,0,0,0,0,0,0,0,0,1,0,0,0,0,0,0,0,0,0,0,1996
1011,0,0,0,0,0,0,1,0,0,0,0,0,0,0,0,0,0,0,0,1996
1012,0,0,0,0,0,1,0,0,1,0,0,0,0,0,0,0,0,0,0,1997
1013,0,1,1,0,0,0,0,0,0,0,0,0,0,0,0,0,1,0,0,1997
1014,0,0,0,0,0,1,0,0,0,0,0,0,0,0,0,0,0,0,0,1997
1015,0,0,0,0,1,0,0,0,1,0,0,0,0,0,0,0,0,0,0,1997
1016,0,1,1,0,0,0,0,0,0,0,0,0,0,0,0,0,1,0,0,1997
1017,0,0,0,0,0,0,0,0,1,0,0,0,0,0,0,0,0,0,0,1996
1018,0,0,0,0,0,0,0,0,1,0,0,0,0,0,0,0,0,0,0,1990
1019,0,1,0,0,0,0,0,0,0,0,0,0,0,0,0,0,1,0,0,1989
1020,0,0,0,0,0,0,0,0,0,0,0,0,0,1,0,0,1,0,0,1944
1021,0,0,0,0,0,0,0,0,1,0,0,0,0,0,0,0,0,0,0,1963
1022,0,0,0,0,0,0,0,1,0,0,0,0,0,0,0,0,0,0,0,1997
1023,0,0,0,0,0,1,0,0,0,0,0,0,0,0,0,0,0,0,0,1997
1024,0,0,0,0,0,0,0,0,0,0,0,0,0,0,1,0,0,0,0,1997
1025,0,1,0,0,0,0,0,0,1,0,0,0,0,0,0,0,1,0,0,1997
1026,0,0,0,0,0,1,0,0,1,0,0,0,0,0,0,0,0,0,0,1997
1027,0,1,0,0,0,0,0,0,0,0,0,0,0,0,0,0,0,0,0,1995
1028,0,0,0,0,0,1,0,0,0,0,0,0,0,0,1,0,0,0,0,1995
1029,0,0,0,0,0,1,0,0,0,0,0,0,0,0,0,0,0,0,0,1995
1030,0,0,0,0,0,1,0,0,0,0,0,0,0,0,0,0,0,0,0,1993
1031,0,0,1,0,1,0,0,0,0,0,0,0,0,0,0,0,0,0,0,1994
1032,0,0,0,0,1,1,0,0,0,0,0,0,0,0,0,0,0,0,0,1994
1033,0,0,1,0,1,0,0,0,0,0,0,0,0,0,0,0,0,0,0,1996
1034,0,1,1,0,0,0,0,0,0,0,0,0,0,0,0,0,0,0,0,1996
1035,0,0,0,0,0,1,0,0,0,0,0,0,0,0,0,0,0,0,0,1993
1036,0,0,0,0,0,1,0,0,0,1,0,0,0,0,0,0,0,0,0,1991
1037,0,0,0,0,0,1,0,0,0,0,0,0,1,0,1,0,0,0,0,1982
1038,0,0,0,0,0,0,0,0,0,0,0,0,0,0,0,0,1,0,0,1997
1039,0,0,0,0,0,0,0,0,1,0,0,0,0,0,0,0,0,0,0,1997
1040,0,0,0,0,0,1,0,0,0,0,0,0,0,0,1,0,0,0,0,1996
1041,0,0,0,0,0,1,0,0,0,0,0,0,0,0,1,0,0,0,0,1995
1042,0,0,0,0,0,0,0,0,0,0,0,0,0,1,0,0,1,0,0,1995
1043,0,0,0,0,0,1,0,0,0,0,0,0,0,0,0,0,0,0,0,1995
1044,0,0,0,0,0,1,0,0,1,0,0,0,0,0,0,0,0,0,0,1994
1045,0,0,0,0,0,0,0,0,1,0,0,0,0,0,0,0,0,0,0,1993
1046,0,0,0,0,0,0,0,0,0,0,0,0,0,0,0,0,1,0,0,1993
1047,0,0,0,0,0,1,0,0,0,0,0,0,0,0,0,0,0,0,0,1996
1048,0,0,0,0,0,1,0,0,0,0,0,0,0,0,1,0,0,0,0,1996
1049,0,0,0,0,0,1,0,0,0,0,0,0,0,0,0,0,0,0,0,1996
1050,0,0,0,0,0,0,0,0,1,0,0,0,0,0,1,0,0,0,0,1947
1051,0,0,0,0,0,1,0,0,0,0,0,0,0,0,0,0,0,0,0,1996
1052,0,0,0,0,0,1,0,0,0,0,0,1,0,0,0,0,0,0,0,1995
1053,0,0,0,0,0,0,0,0,1,0,0,0,0,0,0,0,0,0,0,1995
1054,0,0,0,0,0,1,0,0,0,0,0,0,0,0,0,0,0,0,0,1996
1055,0,0,0,0,0,0,0,0,1,0,0,0,0,0,0,0,0,0,0,1994
1056,0,0,0,0,0,0,0,0,0,0,0,1,0,0,0,0,0,0,0,1992
1057,0,0,0,0,0,1,0,0,0,0,0,0,0,0,0,0,0,0,0,1996
1058,0,0,1,0,0,0,0,0,1,0,0,0,0,0,0,0,0,0,0,1994
1059,0,0,0,0,0,1,0,0,0,0,0,0,0,0,0,0,0,0,0,1996
1060,0,0,1,0,1,0,0,0,0,0,0,0,0,0,0,0,0,0,0,1996
1061,0,0,0,0,0,1,0,0,1,0,0,0,0,0,0,0,0,0,0,1996
1062,0,0,0,0,0,0,0,0,1,0,0,0,0,0,0,0,0,0,0,1998
1063,0,0,0,0,1,0,0,0,1,0,0,0,0,0,0,0,0,0,0,1995
1064,0,0,0,0,0,0,1,0,0,0,1,0,0,0,0,0,0,0,0,1947
1065,0,0,0,0,0,0,0,1,0,0,0,0,0,0,0,0,0,1,0,1983
1066,0,0,0,1,1,0,0,0,0,0,0,0,0,0,0,0,0,0,0,1995
1067,0,0,0,0,0,1,0,0,0,0,0,0,0,0,0,0,0,0,0,1996
1068,0,0,0,0,0,0,0,0,1,0,0,0,0,0,0,0,0,0,0,1996
1069,0,0,0,0,0,0,1,0,1,0,0,0,0,0,0,0,1,0,0,1994
1070,0,0,0,0,0,1,0,0,0,0,0,0,0,0,0,0,0,0,0,1995
1071,0,0,0,0,0,1,0,0,0,0,0,0,0,0,0,0,0,0,0,1995
1072,0,0,0,0,0,1,0,0,0,0,0,0,0,0,1,0,0,0,0,1995
1073,0,0,0,0,0,0,0,0,0,0,0,0,0,0,0,0,1,0,0,1994
1074,0,0,0,0,0,1,0,0,1,0,0,0,0,0,0,0,0,0,0,1994
1075,0,0,0,0,0,0,0,0,1,0,0,0,0,0,0,0,0,0,0,1994
1076,0,1,1,1,1,0,0,0,0,1,0,0,0,0,0,0,0,0,0,1994
1077,0,0,0,0,0,0,0,0,0,0,0,0,0,0,0,0,1,0,0,1994
1078,0,0,0,1,1,0,0,0,0,0,0,0,0,0,0,0,0,0,0,1988
1079,0,0,0,0,0,1,0,0,0,0,0,0,1,0,0,0,0,0,0,1996
1080,0,0,0,0,0,1,0,0,0,0,0,0,0,0,0,0,0,0,0,1996
1081,0,0,0,0,0,0,1,0,0,0,0,0,0,0,0,0,0,0,0,1996
1082,0,0,0,0,0,0,0,0,1,0,0,0,0,0,0,0,0,0,0,1997
1083,0,0,0,0,0,0,1,0,0,0,0,0,0,0,0,0,1,0,0,1997
1084,0,0,0,0,0,0,0,1,0,0,0,0,0,0,0,0,0,0,0,1996
1085,0,0,0,0,0,0,0,0,1,0,0,0,0,0,1,0,0,0,0,1996
1086,0,0,0,0,0,0,0,0,1,0,0,0,0,0,0,0,0,0,0,1996
1087,0,1,0,0,0,0,0,0,0,0,0,0,0,0,0,0,0,0,0,1996
1088,0,1,0,0,0,0,0,0,0,0,0,0,0,0,0,0,0,0,0,1997
1089,0,1,0,0,0,0,0,0,0,0,0,0,0,0,1,0,1,0,0,1997
1090,0,0,0,0,0,0,0,0,0,0,0,0,0,0,0,0,1,0,0,1993
1091,0,0,1,1,1,0,0,0,0,0,0,0,1,0,0,0,0,0,0,1977
1092,0,0,0,0,0,1,0,0,0,0,0,0,0,0,0,0,0,0,0,1996
1093,0,0,0,0,0,1,0,0,0,0,0,0,0,0,0,0,0,0,0,1996
1094,0,0,0,0,0,1,0,0,0,0,0,0,0,0,0,0,0,0,0,1996
1095,0,0,0,0,0,1,0,0,0,0,0,0,0,0,0,0,0,0,0,1996
1096,0,0,0,0,0,0,0,0,0,0,0,0,0,0,1,0,0,0,0,1997
1097,0,0,0,0,0,0,0,0,1,0,0,0,0,0,0,0,0,0,0,1996
1098,0,0,0,0,0,1,0,0,0,0,0,0,0,0,0,0,0,0,0,1996
1099,0,0,0,0,0,0,0,0,1,0,0,0,0,0,0,0,0,0,0,1994
1100,0,0,0,0,0,1,0,0,1,0,0,0,0,0,1,0,0,0,0,1994
1101,0,0,0,0,0,0,0,0,1,0,0,0,0,1,0,0,0,0,0,1993
1102,0,0,0,0,0,1,0,0,0,0,0,0,0,0,1,0,0,0,0,1996
1103,0,0,0,0,0,1,0,0,1,0,0,0,0,0,0,0,0,0,0,1990
1104,0,0,0,0,0,1,1,0,1,0,0,0,0,0,0,0,0,0,0,1992
1105,0,1,1,0,0,0,0,0,0,0,0,0,0,0,0,0,1,0,0,1998
1106,0,0,0,0,0,0,1,0,1,0,0,0,0,0,0,0,0,0,0,1998
1107,0,0,0,0,0,0,0,0,1,0,0,0,0,0,0,0,0,0,0,1995
1108,0,0,0,0,0,0,0,0,1,0,0,0,0,0,0,0,0,0,0,1995
1109,0,0,0,0,0,0,0,0,1,0,0,0,0,0,0,0,1,0,0,1994
1110,0,1,0,0,0,1,0,0,0,0,0,0,1,0,0,1,0,0,0,1995
1111,0,0,0,0,0,0,0,0,1,0,0,0,0,0,0,0,0,0,0,1996
1112,0,0,0,0,0,0,0,0,1,0,0,0,0,0,0,0,0,0,0,1994
1113,0,0,0,0,0,0,0,0,1,0,0,0,0,0,0,0,0,0,0,1994
1114,0,0,0,0,0,1,0,0,0,0,0,0,0,0,0,0,0,0,0,1996
1115,0,0,0,0,0,1,0,0,1,0,0,0,0,0,1,0,0,0,0,1996
1116,0,0,1,0,0,0,0,0,0,0,0,0,0,0,0,0,0,0,0,1940
1117,0,0,0,0,0,0,0,0,1,0,0,0,0,0,0,0,0,0,0,1996
1118,0,0,0,0,0,1,0,0,0,0,0,0,0,0,0,0,0,0,0,1978
1119,0,0,0,0,0,0,0,0,1,0,0,0,0,0,1,0,0,0,0,1987
1120,0,0,0,0,0,1,0,0,0,0,0,0,0,0,0,0,0,0,0,1996
1121,0,0,0,0,0,0,0,0,1,0,0,0,1,0,0,0,0,0,0,1996
1122,0,0,0,0,0,0,1,0,1,0,0,0,0,0,0,0,0,0,0,1939
1123,0,0,0,0,0,0,0,0,1,0,0,0,0,0,0,0,0,0,0,1954
1124,0,0,0,0,0,0,0,0,0,0,0,0,0,0,1,0,0,1,0,1932
1125,0,0,0,0,0,0,0,0,0,0,0,0,0,0,0,0,1,0,0,1961
1126,0,0,1,0,0,0,0,0,1,0,0,0,0,0,0,0,0,0,0,1958
1127,0,0,0,0,0,0,0,0,1,0,0,0,0,0,0,0,0,0,0,1998
1128,0,0,0,0,0,0,0,1,0,0,0,0,0,0,0,0,0,0,0,1996
1129,0,0,0,0,0,0,0,0,1,0,0,0,0,1,1,0,0,0,0,1996
1130,0,0,0,0,0,0,0,1,0,0,0,0,0,0,0,0,0,0,0,1996
1131,0,0,0,0,0,0,0,0,0,0,0,0,0,0,0,0,1,0,0,1995
1132,0,0,0,0,0,0,0,0,1,0,0,0,0,0,1,0,0,0,0,1996
1133,0,0,1,0,1,0,0,0,0,1,0,0,0,0,0,0,0,0,0,1975
1134,0,0,0,0,0,0,0,0,1,0,0,0,0,0,0,0,0,0,0,1996
1135,0,0,0,0,0,0,0,0,1,0,0,0,1,0,0,0,0,0,0,1991
1136,0,0,0,0,0,0,0,0,1,0,0,0,0,0,0,0,0,0,0,1996
1137,0,0,0,0,0,0,0,0,1,0,0,0,0,0,1,0,0,0,0,1996
1138,0,1,0,0,0,1,1,0,1,0,0,0,0,0,0,0,0,0,0,1997
1139,0,1,0,0,0,0,1,0,0,0,0,0,0,0,0,0,1,0,0,1995
1140,0,0,0,0,0,1,0,0,0,0,0,0,0,0,0,0,0,0,0,1994
1141,0,0,0,0,0,0,0,1,0,0,0,0,0,0,0,0,0,0,0,1993
1142,0,0,0,0,0,0,0,1,0,0,0,0,0,0,0,0,0,0,0,1997
1143,0,0,0,0,0,0,1,0,0,0,0,0,0,0,0,0,1,0,0,1997
1144,0,0,0,0,0,0,0,0,1,0,0,0,0,0,0,0,0,0,0,1997
1145,0,0,0,0,0,0,0,0,1,0,0,0,0,0,0,0,0,0,0,1994
1146,0,0,0,0,0,0,0,0,1,0,0,0,0,0,0,0,0,0,0,1993
1147,0,0,0,0,0,0,0,0,1,0,0,0,0,0,0,0,0,0,0,1995
1148,0,0,0,0,0,0,0,0,1,0,0,0,0,0,0,0,0,0,0,1994
1149,0,0,0,0,0,0,0,0,1,0,0,0,0,0,0,0,0,0,0,1971
1150,0,0,0,0,0,0,0,0,1,0,0,0,0,0,0,0,0,0,0,1996
1151,0,0,0,0,0,0,1,0,0,0,0,0,0,0,0,0,0,0,0,1996
1152,0,0,0,0,0,0,0,0,0,0,0,0,0,0,1,0,0,1,0,1997
1153,0,0,0,0,0,0,0,0,1,0,0,0,1,0,0,0,0,0,0,1993
1154,0,0,0,0,0,0,0,0,0,0,0,0,0,0,0,1,0,0,0,1965
1155,0,0,0,0,0,1,0,0,0,0,0,0,0,0,1,0,0,0,0,1996
1156,0,0,0,0,0,0,1,0,1,0,0,0,0,0,0,0,0,0,0,1996
1157,0,0,0,0,0,0,0,0,0,0,0,1,0,0,0,0,0,0,0,1997
1158,0,0,0,0,0,0,0,0,1,0,0,0,0,0,0,0,0,0,0,1996
1159,0,0,0,0,0,0,0,0,0,0,0,0,0,1,0,1,0,0,0,1979
1160,0,0,0,0,0,0,0,0,1,0,0,0,0,0,1,0,0,0,0,1997
1161,0,1,0,0,0,0,0,0,1,0,0,0,0,0,0,0,0,0,0,1996
1162,0,0,0,0,0,1,0,0,0,0,0,0,0,0,0,0,0,0,0,1996
1163,0,0,0,0,0,0,0,0,1,0,0,0,0,0,0,0,0,0,0,1996
1164,0,0,0,0,1,0,0,0,0,0,0,0,0,0,0,0,0,0,0,1997
1165,0,0,0,0,0,1,0,0,1,0,0,0,0,0,0,0,0,0,0,1996
1166,0,0,0,0,0,1,0,0,0,0,0,0,0,0,0,0,0,0,0,1993
1167,0,0,0,0,0,1,0,0,0,0,0,0,0,0,0,0,0,0,0,1994
1168,0,0,0,0,0,0,0,0,1,0,0,0,0,0,0,0,0,0,0,1993
1169,0,0,0,0,0,0,0,0,1,0,0,0,0,0,0,0,0,0,0,1994
1170,0,0,0,0,0,1,0,0,1,0,0,0,0,0,0,0,0,0,0,1994
1171,0,0,0,0,0,0,0,0,1,0,0,0,0,0,0,0,0,0,0,1994
1172,0,0,0,0,0,1,0,0,0,0,0,0,0,0,0,0,0,0,0,1939
1173,0,0,0,0,0,0,0,0,1,0,0,0,0,0,1,0,0,0,0,1997
1174,0,0,0,0,0,0,0,0,1,0,0,0,0,0,0,0,1,0,0,1996
1175,0,0,0,0,0,0,0,0,0,0,0,0,0,0,1,0,0,0,0,1997
1176,0,0,0,0,0,0,0,0,1,0,0,0,0,0,0,0,0,1,0,1997
1177,0,0,0,0,0,1,0,0,0,0,0,0,0,0,0,0,0,0,0,1996
1178,0,0,0,0,0,1,0,0,0,0,0,0,0,0,0,0,0,0,0,1994
1179,0,0,0,0,0,1,0,0,0,0,0,0,0,0,0,0,0,0,0,1995
1180,0,1,0,0,0,1,0,0,0,0,0,0,0,0,0,0,0,0,0,1994
1181,0,1,0,0,0,1,0,0,0,0,0,0,0,0,0,0,0,0,0,1994
1182,0,0,0,0,0,1,0,0,0,0,0,0,0,0,0,0,0,0,0,1994
1183,0,1,0,0,0,1,0,0,0,0,0,0,0,0,0,0,0,0,0,1994
1184,0,0,0,0,0,0,0,1,0,0,0,0,0,0,0,0,0,0,0,1994
1185,0,0,0,0,0,1,0,0,0,0,0,0,0,0,0,0,0,1,0,1994
1186,0,0,0,0,0,1,0,0,1,0,0,0,0,0,0,0,0,0,0,1994
1187,0,0,0,0,0,0,1,0,0,0,0,0,0,0,0,0,0,0,0,1975
1188,0,1,0,0,0,1,0,0,0,0,0,0,0,0,0,0,0,0,1,1990
1189,0,0,0,0,0,0,0,0,1,0,0,0,0,0,0,0,0,0,0,1997
1190,0,0,0,0,0,1,0,0,0,0,0,0,0,0,1,0,0,0,0,1997
1191,0,0,0,0,0,0,1,0,1,0,0,0,0,0,0,0,0,0,0,1998
1192,0,0,0,0,0,0,0,0,1,0,0,0,0,0,0,0,0,0,0,1993
1193,0,0,0,0,0,0,0,0,1,0,0,0,0,0,0,0,0,0,0,1994
1194,0,0,0,0,0,0,1,0,1,0,0,0,0,0,0,0,0,0,0,1994
1195,0,0,0,0,0,0,0,0,1,0,0,0,0,0,0,0,0,0,0,1993
1196,0,0,0,0,0,0,0,0,1,0,0,0,0,0,0,0,0,0,0,1992
1197,0,0,0,0,0,1,0,0,1,0,0,0,0,0,0,0,0,0,0,1996
1198,0,0,0,0,0,0,1,0,0,0,0,0,0,0,0,0,1,0,0,1960
1199,0,0,0,0,0,1,0,0,0,0,0,1,0,0,0,0,0,0,0,1996
1200,0,0,0,0,1,0,0,0,1,0,0,0,0,0,0,0,0,0,0,1950
1201,0,0,0,0,0,0,0,1,0,0,0,0,0,0,0,0,0,0,0,1996
1202,0,0,0,0,0,1,0,0,0,0,0,0,0,0,0,0,0,0,0,1996
1203,0,0,0,0,0,1,0,0,0,0,0,0,1,0,1,0,0,0,0,1935
1204,0,0,0,0,0,1,0,0,1,0,0,0,0,0,0,0,0,1,0,1942
1205,0,0,0,0,0,0,0,0,1,0,0,0,0,0,0,0,0,0,0,1996
1206,0,0,0,0,0,1,0,0,0,0,0,0,0,0,0,0,0,0,0,1993
1207,0,0,0,0,0,0,0,0,0,0,0,0,0,0,0,0,1,0,0,1995
1208,0,0,0,0,0,0,1,0,1,0,0,0,0,0,0,0,1,0,0,1995
1209,0,0,0,0,0,1,0,0,0,0,0,0,0,0,0,0,0,0,0,1994
1210,0,0,0,0,0,0,0,0,0,0,0,0,0,0,0,1,1,0,0,1995
1211,0,0,0,0,0,0,0,0,1,0,0,0,0,0,1,0,0,0,0,1994
1212,0,0,0,0,0,0,0,0,1,0,0,0,0,1,1,0,0,0,0,1993
1213,0,0,0,0,0,0,1,0,1,0,0,0,0,0,0,0,1,0,0,1993
1214,0,0,0,0,0,0,0,0,1,0,0,0,0,0,0,0,0,0,0,1976
1215,0,1,0,0,0,0,0,0,0,0,0,0,0,0,0,1,0,0,0,1996
1216,0,0,0,0,0,0,0,0,0,0,0,0,0,0,1,0,0,0,0,1997
1217,0,0,0,0,0,0,0,0,0,0,0,0,0,0,0,0,1,0,0,1995
1218,0,0,0,0,0,1,0,0,0,0,0,0,0,0,0,0,0,0,0,1995
1219,0,0,0,1,1,1,0,0,0,0,0,0,0,0,1,0,0,0,0,1995
1220,0,0,0,0,0,0,0,0,1,0,0,0,0,0,0,0,0,0,0,1995
1221,0,0,0,0,0,0,0,0,1,0,0,0,0,0,0,0,0,0,0,1994
1222,0,1,0,0,0,0,0,0,0,0,0,0,0,0,0,0,0,0,0,1993
1223,0,0,0,0,0,0,0,0,1,0,0,0,0,0,0,0,0,0,0,1993
1224,0,0,0,0,0,0,0,0,1,0,0,0,0,0,0,0,0,0,0,1994
1225,0,0,0,0,0,1,0,0,0,0,0,0,0,0,0,0,0,0,0,1995
1226,0,0,0,0,0,0,1,0,1,0,0,0,0,0,0,0,0,0,0,1997
1227,0,0,0,0,0,0,0,0,1,0,0,0,0,0,0,0,0,0,0,1995
1228,0,1,0,0,0,0,0,0,0,0,0,0,0,0,0,0,0,0,0,1995
1229,0,0,0,0,0,0,0,0,1,0,0,0,0,0,0,0,1,0,0,1995
1230,0,0,0,0,0,1,0,0,0,0,0,0,0,0,0,0,0,0,0,1994
1231,0,1,0,0,0,0,0,0,1,0,0,0,0,0,0,0,0,0,0,1990
1232,0,0,0,0,0,0,0,1,0,0,0,0,0,0,0,0,0,0,0,1991
1233,0,0,0,0,0,0,0,0,1,0,0,0,0,0,0,0,0,0,0,1996
1234,0,0,0,0,0,1,0,0,0,0,0,0,0,0,0,0,0,0,0,1998
1235,0,0,0,0,0,0,1,0,0,0,0,0,0,0,0,0,0,0,0,1994
1236,0,0,0,0,0,0,0,0,1,0,0,0,0,0,0,0,0,0,0,1997
1237,0,0,0,0,0,1,0,0,1,0,0,0,0,0,0,0,0,0,0,1996
1238,0,0,0,0,0,0,0,0,1,0,0,0,0,0,0,0,0,0,0,1996
1239,0,1,1,0,0,0,0,0,0,0,0,0,0,0,1,0,0,0,0,1995
1240,0,0,0,1,0,0,0,0,0,0,0,0,0,0,0,1,0,0,0,1996
1241,0,0,0,0,0,1,0,0,1,0,0,0,0,0,0,0,0,0,0,1997
1242,0,0,0,0,0,1,0,0,0,0,0,0,0,0,0,0,0,0,0,1991
1243,0,0,0,0,0,0,0,0,0,0,0,1,0,0,0,0,0,0,0,1998
1244,0,1,0,0,0,0,0,0,0,0,0,0,0,0,0,0,0,0,0,1997
1245,0,0,0,0,0,0,1,0,0,0,0,0,0,0,0,0,0,0,0,1997
1246,0,0,0,0,0,1,0,0,0,0,0,0,0,0,0,0,0,0,0,1995
1247,0,0,0,0,0,0,0,0,0,0,0,0,0,0,0,0,0,0,1,1994
1248,0,0,0,0,0,0,0,0,0,0,0,0,0,0,0,0,1,0,0,1994
1249,0,0,0,0,0,1,0,0,0,0,0,0,0,0,0,0,0,0,0,1993
1250,0,1,0,0,0,0,0,0,0,0,0,0,0,0,0,0,0,0,0,1995
1251,0,0,0,0,0,1,0,0,0,0,0,0,0,0,0,0,0,0,0,1997
1252,0,0,0,0,0,0,0,0,1,0,0,0,0,0,0,0,0,0,0,1997
1253,0,0,0,0,0,0,0,0,0,0,0,0,0,0,0,0,1,0,0,1995
1254,0,0,0,0,0,1,0,0,0,0,0,0,0,0,0,0,0,0,0,1997
1255,0,0,0,0,0,0,0,0,1,0,0,0,0,0,0,0,0,0,0,1997
1256,0,0,0,0,0,0,0,0,1,0,0,0,0,0,0,0,0,0,0,1997
1257,0,0,0,0,0,0,0,0,1,0,0,0,0,0,0,0,0,0,0,1997
1258,0,0,0,0,0,1,0,0,0,0,0,0,0,0,1,0,0,0,0,1997
1259,0,0,0,0,0,1,0,0,0,0,0,0,0,0,1,0,0,0,0,1996
1260,0,0,0,0,0,0,0,0,1,0,0,0,0,0,0,0,0,0,0,1995
1261,0,0,0,0,0,0,0,0,1,0,0,0,0,0,0,0,0,0,0,1995
1262,0,0,0,0,0,0,0,0,0,0,0,0,0,0,1,0,0,0,0,1996
1263,0,0,0,0,0,0,0,0,1,0,0,0,0,0,0,0,0,0,0,1996
1264,0,0,0,0,0,0,0,0,1,0,0,0,0,0,0,0,0,0,0,1996
1265,0,0,0,0,0,0,0,0,1,0,0,0,0,0,0,0,0,0,0,1997
1266,0,0,0,0,0,0,0,0,1,0,0,0,0,0,0,0,0,0,0,1973
1267,0,0,0,0,0,0,0,0,1,0,0,0,0,0,0,0,0,0,0,1995
1268,0,0,0,0,0,0,0,0,1,0,0,0,0,0,0,0,0,0,0,1992
1269,0,0,0,0,0,1,0,0,0,0,0,0,0,0,1,0,0,0,0,1957
1270,0,0,0,0,0,1,0,0,0,0,0,0,0,0,0,0,0,0,0,1993
1271,0,0,0,0,0,1,0,0,0,0,0,0,0,0,0,0,0,0,0,1994
1272,0,0,0,0,0,1,0,0,1,0,0,0,0,0,0,0,0,0,0,1994
1273,0,0,0,0,0,0,0,0,1,0,0,0,0,0,0,0,1,0,0,1994
1274,0,0,0,0,0,0,0,0,0,0,0,0,0,0,0,1,1,0,0,1993
1275,0,0,0,0,0,0,0,0,0,0,0,0,0,0,0,0,1,0,0,1994
1276,0,0,0,0,0,0,0,0,1,0,0,0,0,0,0,0,0,0,0,1996
1277,0,1,0,0,0,0,1,0,0,0,0,0,0,0,0,0,0,0,0,1996
1278,0,0,0,0,0,0,0,0,1,0,0,0,1,0,0,0,0,0,0,1997
1279,0,0,1,0,1,0,0,0,0,0,0,0,0,0,0,0,0,0,0,1997
1280,0,0,0,0,0,0,1,0,0,0,0,0,0,0,0,0,0,0,0,1997
1281,0,0,0,0,0,0,0,0,1,0,0,0,0,0,0,0,0,0,0,1996
1282,0,0,0,0,0,0,0,0,1,0,0,0,0,0,0,0,0,0,0,1996
1283,0,0,0,0,0,1,0,0,0,0,0,0,0,0,0,0,0,0,0,1997
1284,0,0,0,0,0,0,0,0,1,0,0,0,0,1,0,0,0,0,0,1996
1285,0,0,0,0,0,0,0,0,1,0,0,0,0,0,0,0,0,0,0,1994
1286,0,0,0,0,0,1,0,0,0,0,0,0,1,0,1,0,0,0,0,1937
1287,0,0,0,0,0,1,0,0,0,0,0,0,0,0,0,0,0,0,0,1996
1288,0,0,0,0,0,1,0,0,0,0,0,0,0,0,0,0,0,0,0,1996
1289,0,0,0,0,0,0,0,0,0,0,0,0,0,0,1,0,0,0,0,1996
1290,0,0,0,0,0,0,0,0,1,0,0,0,0,0,1,0,0,0,0,1994
1291,0,0,0,0,0,1,0,0,0,0,0,0,0,0,0,0,0,0,0,1996
1292,0,0,0,0,1,0,0,0,0,1,0,0,0,0,0,0,0,0,0,1997
1293,0,0,1,0,1,0,0,0,0,1,0,0,0,0,0,1,0,0,0,1998
1294,0,0,0,0,0,0,0,1,0,0,0,0,0,0,0,0,0,0,0,1998
1295,0,0,0,0,0,1,0,0,1,0,0,0,0,0,0,0,0,0,0,1997
1296,0,0,0,0,0,1,0,0,1,0,0,0,0,0,0,0,0,0,0,1996
1297,0,0,0,0,0,0,0,0,1,0,0,0,0,0,1,0,0,0,0,1994
1298,0,0,0,0,0,1,0,0,0,0,0,0,1,0,0,0,0,0,0,1953
1299,0,0,0,0,0,0,0,0,1,0,0,0,0,0,1,0,0,0,0,1941
1300,0,0,0,0,0,0,0,0,1,0,0,0,0,0,1,0,0,0,0,1997
1301,0,0,0,0,0,1,0,0,0,0,0,0,0,0,0,0,0,0,0,1981
1302,0,0,0,0,0,1,0,0,0,0,0,0,0,0,0,0,0,0,0,1997
1303,0,1,0,0,0,0,0,0,0,0,0,0,0,0,0,0,0,0,0,1994
1304,0,1,0,0,0,0,1,0,0,0,0,0,0,0,0,0,0,0,0,1996
1305,0,0,0,0,0,1,0,0,0,0,0,0,0,0,0,0,0,0,0,1995
1306,0,0,0,0,0,0,0,0,1,0,0,0,0,0,0,0,0,0,0,1994
1307,0,0,0,0,0,0,0,1,0,0,0,0,0,0,0,0,0,0,0,1994
1308,0,0,0,0,0,1,0,0,1,0,0,0,0,0,0,0,0,0,0,1994
1309,0,0,0,0,0,0,0,0,1,0,0,0,0,0,0,0,0,0,0,1974
1310,0,0,0,0,0,0,0,0,1,0,0,0,0,0,0,0,0,0,0,1945
1311,0,0,0,0,0,1,0,0,1,0,0,0,0,0,0,0,0,0,0,1996
1312,0,0,0,0,0,1,0,0,1,0,0,0,0,0,0,0,0,0,0,1996
1313,0,0,0,0,0,0,0,0,0,0,1,0,0,1,0,0,1,0,0,1998
1314,0,1,1,0,0,0,0,0,0,0,0,0,0,0,0,0,1,0,0,1994
1315,0,0,0,0,0,0,0,0,1,0,0,0,0,0,1,0,0,0,0,1997
1316,0,0,0,0,0,0,0,0,1,0,0,0,0,0,0,0,0,0,0,1997
1317,0,0,0,0,0,0,0,0,1,0,0,0,0,0,0,0,0,0,0,1996
1318,0,0,0,0,0,0,0,1,0,0,0,0,0,0,0,0,0,0,0,1996
1319,0,0,0,0,0,0,0,0,1,0,0,0,0,0,0,0,0,0,0,1996
1320,0,0,0,0,0,0,0,0,1,0,0,0,0,0,0,0,0,0,0,1996
1321,0,0,0,0,0,1,0,0,0,0,0,0,0,0,0,0,0,0,0,1996
1322,0,0,0,0,0,1,0,0,0,0,0,0,0,0,0,0,0,0,0,1993
1323,0,0,0,0,0,0,0,0,1,0,0,0,0,0,0,0,0,0,0,1994
1324,0,0,0,0,0,0,0,0,1,0,0,0,0,0,0,0,1,0,0,1996
1325,0,0,0,0,0,0,0,0,1,0,0,0,0,0,0,0,0,0,0,1996
1326,0,0,0,0,0,0,0,0,1,0,0,0,0,0,0,0,0,0,0,1996
1327,0,0,0,0,0,0,0,0,1,0,0,0,0,0,0,0,0,0,0,1994
1328,0,0,0,0,0,0,0,0,1,0,0,0,0,0,0,0,0,0,0,1996
1329,0,0,0,0,0,0,0,0,1,0,0,0,0,0,0,0,0,0,0,1996
1330,0,0,0,0,0,0,0,0,1,0,0,0,0,0,0,0,0,0,0,1994
1331,0,0,0,0,0,0,0,1,0,0,0,0,0,0,0,0,0,0,0,1995
1332,0,0,0,0,0,0,0,0,1,0,0,0,0,0,0,0,0,0,0,1993
1333,0,0,0,0,0,1,0,0,1,0,0,0,0,0,0,0,0,0,0,1994
1334,0,0,0,0,0,0,0,0,1,0,0,0,0,0,0,0,0,0,0,1996
1335,0,0,0,0,0,0,0,0,1,0,0,0,0,0,0,0,0,0,0,1996
1336,0,0,0,0,1,1,0,0,0,1,0,0,0,0,0,0,0,0,0,1996
1337,0,0,0,0,0,1,0,0,0,0,0,0,0,0,0,0,0,0,0,1996
1338,0,0,0,0,0,0,0,0,1,0,0,0,0,0,0,0,0,0,0,1996
1339,0,0,0,0,0,1,0,0,1,0,0,0,0,0,0,0,0,0,0,1993
1340,0,0,0,0,0,0,0,0,0,0,0,0,0,0,1,0,0,0,0,1995
1341,0,0,0,0,0,0,0,0,1,0,0,0,0,0,0,0,0,0,0,1992
1342,0,0,0,0,0,0,0,0,1,0,0,0,0,0,0,0,0,0,0,1996
1343,0,0,0,0,0,0,0,0,1,0,0,0,0,0,0,0,0,0,0,1995
1344,0,0,0,0,0,0,0,0,1,0,0,0,0,0,0,0,0,0,0,1993
1345,0,0,0,0,0,0,0,0,1,0,0,0,0,0,0,0,0,0,0,1994
1346,0,0,0,0,0,0,0,0,1,0,0,0,0,0,0,0,0,0,0,1992
1347,0,0,0,0,0,0,0,0,1,0,0,0,0,0,0,0,0,0,0,1958
1348,0,0,0,0,0,0,0,0,1,0,0,0,0,0,0,0,0,0,0,1990
1349,0,0,0,0,0,1,0,0,0,0,0,0,0,0,0,0,0,0,0,1993
1350,0,0,0,0,0,0,0,0,1,0,0,0,0,0,0,0,0,0,0,1949
1351,0,0,0,0,0,1,0,0,0,0,0,0,0,0,0,0,0,0,0,1996
1352,0,0,0,0,0,0,0,0,1,0,0,0,0,0,0,0,0,0,0,1976
1353,0,0,0,0,0,0,0,0,0,0,0,0,0,0,1,0,0,0,0,1994
1354,0,0,0,0,0,0,0,0,1,0,0,0,0,0,0,0,0,0,0,1992
1355,0,0,0,0,0,0,0,0,1,0,0,0,0,0,0,0,0,0,0,1996
1356,0,0,0,0,0,1,0,0,0,0,0,0,0,0,0,0,0,0,0,1996
1357,0,0,0,0,0,0,0,0,0,0,0,0,0,0,1,0,0,1,0,1994
1358,0,1,0,0,0,0,0,0,0,0,0,0,0,0,0,0,0,0,0,1996
1359,0,0,0,0,0,0,0,0,1,0,0,0,0,0,0,0,0,0,0,1996
1360,0,0,0,0,0,1,0,0,0,0,0,0,0,0,0,0,0,0,0,1994
1361,0,0,0,0,0,1,0,0,0,0,0,0,0,0,0,0,0,0,0,1996
1362,0,1,0,0,0,0,0,0,0,0,0,0,0,0,0,0,0,0,0,1996
1363,0,0,0,0,0,0,0,1,0,0,0,0,0,0,0,0,0,0,0,1996
1364,0,1,0,0,0,0,0,0,0,0,0,0,0,0,0,0,0,0,0,1996
1365,0,1,0,0,0,0,0,0,1,0,0,0,0,0,0,0,0,0,0,1993
1366,0,0,0,0,0,0,0,1,1,0,0,0,0,0,0,0,0,0,0,1994
1367,0,0,0,1,0,0,0,0,0,0,0,0,0,0,0,0,0,0,0,1994
1368,0,0,0,0,0,0,0,0,1,0,0,0,0,0,0,0,0,0,0,1994
1369,0,0,0,0,0,0,0,0,1,0,0,0,0,0,0,0,0,0,0,1950
1370,0,0,0,0,0,0,0,0,1,0,0,0,0,0,0,0,1,0,0,1994
1371,0,0,0,0,0,1,0,0,0,0,0,1,0,0,0,0,0,0,0,1994
1372,0,1,0,0,0,0,0,0,0,0,0,0,0,0,0,0,0,0,0,1994
1373,1,0,0,0,0,0,0,0,0,0,0,0,0,0,0,0,0,0,0,1971
1374,0,0,0,0,0,1,0,0,0,0,0,0,0,0,0,0,0,0,0,1980
1375,0,0,0,0,0,0,0,0,1,0,0,0,0,0,0,0,0,0,0,1993
1376,0,0,0,0,0,1,0,0,0,0,0,0,0,0,0,0,0,0,0,1997
1377,0,0,0,0,0,1,0,0,0,0,0,0,0,0,1,0,0,0,0,1997
1378,0,0,0,0,0,0,0,1,0,0,0,0,0,0,0,0,0,0,0,1997
1379,0,0,0,0,0,0,0,0,0,0,0,0,0,0,1,0,0,0,0,1997
1380,0,0,0,0,0,0,0,0,1,0,0,0,0,0,0,0,0,0,0,1997
1381,0,0,0,0,0,0,0,0,1,0,0,0,0,0,0,0,0,0,0,1996
1382,0,0,0,0,0,0,0,0,1,0,0,0,0,0,0,0,0,0,0,1997
1383,0,0,1,0,1,0,0,0,0,0,0,0,0,0,0,0,0,0,0,1997
1384,0,0,0,0,0,0,0,0,1,0,0,0,0,0,0,0,0,0,0,1997
1385,0,0,0,0,0,1,0,0,0,0,0,0,0,0,1,0,0,0,0,1997
1386,0,0,0,0,0,0,0,0,0,0,0,0,0,0,0,1,0,0,0,1997
1387,0,0,0,0,0,0,0,0,0,0,0,0,0,0,1,0,0,0,0,1997
1388,0,0,0,0,0,0,0,0,1,0,0,0,0,0,0,0,0,0,0,1997
1389,0,0,0,0,0,0,0,0,1,0,0,0,0,0,0,0,0,0,0,1997
1390,0,0,0,0,0,0,1,0,0,0,0,0,0,0,0,0,0,0,0,1997
1391,0,0,0,0,0,0,0,0,1,0,0,0,0,0,0,0,0,0,0,1997
1392,0,0,0,0,0,0,0,0,1,0,0,0,0,0,0,0,0,0,0,1997
1393,0,1,0,0,0,0,0,0,0,0,0,0,0,0,0,0,1,0,0,1997
1394,0,0,0,0,0,0,0,0,0,0,0,0,0,0,1,0,0,0,0,1997
1395,0,0,0,0,0,0,0,0,1,0,0,0,0,0,0,0,0,0,0,1998
1396,0,0,0,0,0,0,0,0,1,0,0,0,0,0,0,0,0,0,0,1996
1397,0,0,0,0,0,0,0,0,1,0,0,0,0,0,0,0,0,0,0,1934
1398,0,0,0,0,0,0,0,0,1,0,0,0,0,0,0,0,0,0,0,1996
1399,0,0,0,0,0,0,0,0,0,0,0,0,0,0,0,0,1,0,0,1997
1400,0,0,0,0,0,0,0,0,1,0,0,0,0,0,1,0,0,0,0,1995
1401,0,0,0,0,0,0,0,0,1,0,0,0,0,0,0,0,0,0,0,1993
1402,0,0,0,0,0,0,0,0,1,0,0,0,0,0,0,0,0,0,0,1993
1403,0,0,0,0,0,1,0,0,1,0,0,0,0,0,0,0,0,0,0,1994
1404,0,0,0,0,0,1,0,0,0,0,0,0,0,0,0,0,0,0,0,1987
1405,0,0,0,0,0,0,0,0,1,0,0,0,0,0,0,0,0,0,0,1997
1406,0,0,0,0,0,0,0,0,1,0,0,0,0,0,1,0,0,0,0,1995
1407,0,1,0,0,0,0,0,0,0,0,0,0,0,0,0,0,0,0,0,1994
1408,0,0,0,0,0,1,0,0,0,0,0,0,0,0,0,0,0,0,0,1995
1409,0,0,0,1,1,0,0,0,0,0,0,0,0,0,0,0,0,0,0,1994
1410,0,0,0,0,0,0,0,0,1,0,0,0,0,0,0,0,0,0,0,1993
1411,0,0,1,0,0,0,0,0,0,0,0,0,0,0,0,1,0,0,0,1968
1412,0,0,0,1,1,0,0,0,0,0,0,0,0,0,0,0,0,0,0,1995
1413,0,1,0,0,0,0,0,0,0,0,0,0,0,0,0,0,0,0,0,1994
1414,0,1,0,0,0,0,0,0,0,0,0,0,0,0,0,0,0,0,0,1995
1415,0,1,0,0,1,0,0,0,0,0,0,0,0,0,0,0,0,0,0,1994
1416,0,1,0,0,0,0,0,0,0,0,0,0,0,0,0,1,0,0,0,1994
1417,0,0,0,0,0,0,0,0,1,0,0,0,0,0,0,0,0,0,0,1997
1418,0,0,0,0,0,0,0,0,1,0,0,0,0,0,0,0,0,0,0,1993
1419,0,1,0,0,0,0,0,0,0,0,0,0,0,0,0,1,0,0,0,1994
1420,0,0,0,0,0,1,0,0,0,0,0,0,0,0,0,0,0,0,0,1997
1421,0,0,0,0,0,0,0,0,1,0,0,0,0,0,0,0,0,0,0,1993
1422,0,0,0,0,0,0,0,0,0,0,1,0,0,0,0,0,1,0,0,1993
1423,0,0,0,0,0,0,0,0,1,0,0,0,0,0,0,0,0,1,0,1995
1424,0,0,0,0,0,1,0,0,1,0,0,0,0,0,1,0,0,0,0,1994
1425,0,0,0,0,0,1,0,0,1,0,0,0,0,0,0,0,0,0,0,1994
1426,0,0,0,0,0,1,0,0,1,0,0,0,0,0,0,0,0,0,0,1996
1427,0,0,0,0,0,0,0,0,1,0,0,0,0,0,0,0,0,0,0,1996
1428,0,0,0,0,0,1,0,0,0,0,0,0,0,0,0,0,0,0,0,1997
1429,0,0,0,0,0,0,0,0,1,0,0,0,0,0,1,0,0,0,0,1998
1430,0,0,0,0,0,0,0,0,1,0,0,0,0,0,0,0,0,0,0,1997
1431,0,0,0,0,0,0,0,0,0,0,0,0,0,0,0,0,1,0,0,1997
1432,0,0,0,0,0,0,0,0,1,0,0,0,0,0,0,0,0,0,0,1998
1433,0,1,0,0,0,0,0,0,1,0,0,0,0,0,0,0,0,0,0,1997
1434,0,0,0,0,0,0,0,0,0,0,0,0,0,0,1,0,0,0,0,1998
1435,0,0,0,0,0,1,0,0,0,0,0,0,0,0,0,0,0,0,0,1995
1436,0,0,0,0,0,0,0,0,1,0,0,0,0,0,1,0,0,0,0,1993
1437,0,0,0,0,0,1,0,0,0,0,0,0,0,0,0,0,0,0,0,1994
1438,0,0,0,0,0,0,0,0,1,0,0,0,0,0,0,0,0,0,0,1995
1439,0,0,0,0,0,0,1,0,1,0,0,0,0,0,0,0,0,0,0,1994
1440,0,0,0,0,0,0,0,0,1,0,0,0,0,0,0,0,0,0,0,1994
1441,0,0,0,0,0,0,0,0,1,0,0,0,0,0,1,0,0,0,0,1995
1442,0,0,0,0,0,0,0,0,1,0,0,0,0,0,0,0,0,0,0,1995
1443,0,0,0,0,0,0,0,0,1,0,0,0,0,0,0,0,0,0,0,1994
1444,0,0,0,0,1,1,0,0,0,0,0,0,0,1,0,0,0,0,0,1965
1445,0,0,0,0,0,0,0,0,1,0,0,0,0,0,0,0,0,0,0,1994
1446,0,0,0,0,0,1,0,0,0,0,0,0,0,0,0,0,0,0,0,1995
1447,0,0,0,0,0,0,0,0,1,0,0,0,0,0,0,0,0,0,0,1993
1448,0,0,0,0,0,0,0,0,1,0,0,0,0,0,0,0,0,0,0,1996
1449,0,0,0,0,0,0,0,0,1,0,0,0,0,0,0,0,0,0,0,1996
1450,0,0,1,0,0,0,0,0,0,0,0,0,0,0,1,0,0,0,0,1947
1451,0,0,0,0,0,0,0,0,0,0,0,0,0,0,0,0,1,0,0,1940
1452,0,0,0,0,0,1,0,0,0,0,0,0,0,1,0,0,0,0,0,1943
1453,0,0,0,0,0,0,1,0,1,0,0,0,0,0,0,0,0,0,0,1946
1454,0,0,0,0,0,0,0,0,0,0,0,0,0,0,0,0,0,0,1,1947
1455,0,0,0,0,0,0,0,0,0,0,0,0,0,0,0,0,0,0,1,1943
1456,0,0,0,0,0,1,0,0,1,0,0,0,0,0,0,0,0,0,0,1954
1457,0,0,0,0,0,1,0,0,1,0,0,0,0,0,0,0,0,0,0,1996
1458,0,0,0,0,0,1,0,0,0,0,0,0,1,0,1,0,0,0,0,1937
1459,0,0,0,0,0,0,0,0,0,0,0,0,1,0,0,0,0,0,0,1996
1460,0,0,0,0,0,1,0,0,1,0,0,0,0,0,0,0,0,0,0,1996
1461,0,0,0,0,0,1,0,0,0,0,0,0,0,0,0,0,0,0,0,1935
1462,0,0,0,0,0,0,1,0,1,0,0,0,0,0,1,0,0,0,0,1996
1463,0,0,0,0,0,1,0,0,0,0,0,0,0,0,0,0,0,0,0,1997
1464,0,0,0,0,0,0,0,0,1,0,0,0,0,0,0,0,0,0,0,1995
1465,0,0,0,0,0,1,0,0,1,0,0,0,0,0,0,0,0,0,0,1995
1466,0,0,0,0,0,0,0,0,1,0,0,0,0,0,0,0,0,0,0,1995
1467,0,0,0,0,0,0,0,0,1,0,0,0,0,0,0,0,0,0,0,1993
1468,0,0,0,0,0,0,0,0,1,0,0,0,0,0,0,0,0,0,0,1995
1469,0,0,1,0,1,0,0,0,0,0,0,0,0,0,0,0,0,0,0,1995
1470,0,0,0,1,1,0,0,0,0,0,0,0,0,0,0,0,0,0,0,1995
1471,0,0,0,0,0,0,0,0,0,0,0,0,0,0,0,0,1,0,0,1995
1472,0,0,0,0,0,1,0,0,0,0,0,0,0,0,0,1,0,0,0,1996
1473,0,0,0,0,1,0,0,0,1,0,0,0,0,0,0,0,0,0,0,1939
1474,0,0,0,0,0,1,0,0,0,0,0,0,0,0,1,0,0,0,0,1994
1475,0,0,0,0,0,1,0,0,1,0,0,0,0,0,0,0,0,0,0,1993
1476,0,0,0,0,0,0,0,0,0,0,1,0,0,0,0,0,0,0,0,1948
1477,0,0,0,0,0,0,0,0,0,0,0,1,0,0,0,0,1,0,0,1997
1478,0,1,0,0,0,0,1,0,1,0,0,0,0,0,0,0,0,0,0,1995
1479,0,0,0,0,0,1,0,0,0,0,0,0,0,0,0,0,0,0,0,1995
1480,0,0,1,0,1,1,0,0,0,0,0,0,0,0,0,0,0,0,0,1974
1481,0,0,0,0,0,0,0,0,1,0,0,0,0,0,0,0,0,0,0,1994
1482,0,0,0,0,0,0,0,1,0,0,0,0,0,0,0,0,0,0,0,1996
1483,0,1,0,0,0,0,0,0,1,0,0,0,0,0,1,0,0,0,0,1998
1484,0,1,0,0,0,1,0,0,0,0,0,0,0,0,0,0,0,0,0,1994
1485,0,0,0,0,0,0,0,0,1,0,0,0,0,0,1,0,0,1,0,1994
1486,0,0,0,0,0,0,0,0,1,0,0,0,0,0,0,0,0,0,0,1995
1487,0,0,0,0,0,1,0,0,0,0,0,0,0,0,1,0,0,0,0,1993
1488,0,0,0,0,0,0,0,0,1,0,0,0,0,0,0,0,0,0,0,1993
1489,0,0,0,0,0,1,0,0,0,0,0,0,0,0,0,0,0,0,0,1994
1490,0,0,0,0,0,1,0,0,0,0,0,0,0,0,0,0,0,0,0,1993
1491,0,1,0,0,0,0,0,0,1,0,0,0,0,0,0,0,1,0,0,1995
1492,0,0,0,0,0,1,0,0,0,0,0,0,0,0,0,0,0,0,0,1994
1493,0,0,0,0,0,0,0,0,0,0,0,0,0,0,1,0,0,0,0,1996
1494,0,0,0,0,0,1,0,0,0,0,0,0,0,0,0,0,0,0,0,1996
1495,0,0,0,0,0,0,0,0,1,0,0,0,0,0,0,0,0,0,0,1996
1496,0,0,0,0,0,1,1,0,0,0,0,0,0,0,0,0,0,0,0,1996
1497,0,0,0,0,0,0,0,1,0,0,0,0,0,0,0,0,0,0,0,1996
1498,0,0,0,0,0,1,0,0,0,0,0,0,0,0,0,0,0,0,0,1997
1499,0,0,0,0,0,1,0,0,0,0,0,0,0,0,0,0,0,0,0,1994
1500,0,0,0,0,0,1,0,0,0,0,0,0,0,0,0,0,0,0,0,1996
1501,0,0,0,0,0,0,0,0,0,0,0,0,0,0,0,0,0,1,0,1997
1502,0,0,0,0,0,1,0,0,0,0,0,0,0,0,1,0,0,0,0,1994
1503,0,0,1,0,1,0,0,0,0,0,0,0,0,0,0,0,0,0,0,1995
1504,0,0,0,0,0,1,0,0,0,0,0,0,0,0,0,0,0,0,0,1996
1505,0,0,0,0,0,0,1,0,1,0,0,0,0,0,0,0,0,0,0,1996
1506,0,0,0,0,0,0,0,0,1,0,0,0,0,0,0,0,0,0,0,1996
1507,0,0,0,0,0,1,0,0,0,0,0,0,0,0,0,0,0,0,0,1996
1508,0,0,0,0,0,0,0,0,1,0,0,0,0,0,0,0,1,0,0,1995
1509,0,0,0,0,0,1,0,0,0,0,0,0,0,0,0,0,0,0,0,1994
1510,0,0,0,0,0,0,1,0,0,0,0,0,0,0,0,0,0,0,0,1996
1511,0,0,0,0,0,1,0,0,0,0,0,0,0,0,0,0,0,0,0,1997
1512,0,0,0,0,0,0,0,0,1,0,0,0,0,0,0,0,0,0,0,1996
1513,0,0,0,0,0,1,0,0,0,0,0,0,0,0,0,0,0,0,0,1997
1514,0,0,0,0,0,0,0,0,1,0,0,0,0,0,0,0,0,0,0,1997
1515,0,0,1,0,0,0,0,0,0,0,0,0,0,0,1,0,0,0,0,1995
1516,0,0,0,0,0,0,0,0,1,0,0,0,0,0,0,0,0,0,0,1994
1517,0,0,0,0,0,0,0,0,1,0,0,0,0,0,0,0,0,0,0,1996
1518,0,0,0,0,0,0,0,0,1,0,0,0,0,0,0,0,0,0,0,1995
1519,0,0,0,0,0,0,1,0,1,0,0,0,0,0,0,0,0,0,0,1995
1520,0,0,0,0,0,0,0,0,0,0,0,1,0,0,0,0,0,0,0,1995
1521,0,0,0,0,0,1,0,0,0,0,0,0,0,0,1,0,0,0,0,1993
1522,0,0,0,0,0,0,0,0,0,0,0,0,0,0,0,0,1,0,0,1994
1523,0,1,1,0,0,0,0,0,0,0,0,0,0,0,0,0,0,0,0,1994
1524,0,0,0,0,0,0,0,0,1,0,0,0,0,0,0,0,0,0,0,1996
1525,0,0,0,0,0,1,0,0,0,0,0,0,0,0,1,0,0,0,0,1998
1526,0,0,0,0,0,0,0,0,1,0,0,0,0,0,1,0,1,0,0,1985
1527,0,0,0,0,0,1,0,0,0,0,0,0,0,0,0,0,0,0,0,1998
1528,0,0,0,0,0,0,0,0,1,0,0,0,0,0,0,0,0,0,0,1997
1529,0,0,0,0,0,0,0,0,0,0,0,0,0,0,0,0,0,1,0,1996
1530,0,0,0,0,0,0,0,0,1,0,0,0,0,0,0,0,0,0,0,1995
1531,0,0,1,0,1,0,0,0,0,0,0,0,0,0,0,0,0,0,0,1995
1532,0,0,0,0,0,0,0,0,1,0,0,0,0,0,0,0,0,0,0,1994
1533,0,0,0,0,0,0,0,0,1,0,0,0,0,0,0,0,0,0,0,1993
1534,0,0,0,0,0,1,1,0,0,0,0,0,0,0,0,0,0,0,0,1997
1535,0,0,0,0,0,0,0,0,1,0,0,0,0,0,0,0,0,0,0,1994
1536,0,0,0,0,0,0,0,0,1,0,0,0,0,0,0,0,0,0,0,1996
1537,0,0,0,0,0,1,0,0,0,0,0,0,0,0,0,0,0,0,0,1997
1538,0,0,0,0,0,0,0,0,1,0,0,0,0,0,0,0,0,0,0,1997
1539,0,0,0,0,0,0,0,0,1,0,0,0,0,0,0,0,0,0,0,1993
1540,0,0,1,0,1,0,0,0,0,0,0,0,0,0,0,0,0,0,0,1995
1541,0,0,0,0,0,0,0,0,1,0,0,0,0,0,0,0,0,0,0,1994
1542,0,0,0,0,0,0,0,0,1,0,0,0,0,0,0,0,0,0,0,1926
1543,0,0,0,0,0,0,0,0,1,0,0,0,0,0,0,0,0,0,0,1996
1544,0,0,0,0,0,1,0,0,0,0,0,0,0,0,0,0,0,0,0,1995
1545,0,0,0,0,0,0,0,0,1,0,0,0,0,0,1,0,0,0,0,1995
1546,0,0,0,0,0,0,0,0,1,0,0,0,0,0,0,0,0,0,0,1988
1547,0,0,0,0,0,0,0,1,0,0,0,0,0,0,0,0,0,0,0,1995
1548,0,1,0,0,0,0,0,0,0,0,0,0,0,0,0,0,1,0,0,1995
1549,0,0,0,0,0,0,0,0,0,0,0,0,0,0,0,0,1,0,0,1995
1550,0,0,0,0,0,1,0,0,0,0,0,0,0,0,0,0,0,0,0,1995
1551,0,0,0,0,0,0,0,0,1,0,0,0,0,0,0,0,0,0,0,1994
1552,0,1,0,0,0,0,0,0,0,0,0,0,0,0,0,0,0,0,0,1995
1553,0,0,0,0,0,0,0,0,0,0,0,0,0,1,0,0,1,0,0,1995
1554,0,0,0,0,0,0,0,0,1,0,0,0,0,0,0,0,0,0,0,1994
1555,0,0,1,0,1,0,0,0,0,0,0,0,0,0,0,0,0,0,0,1993
1556,0,1,0,0,0,0,0,0,1,0,0,0,0,0,0,0,1,0,0,1995
1557,0,0,0,0,0,1,0,0,1,0,0,0,0,0,0,0,0,0,0,1996
1558,0,0,0,0,0,0,0,0,1,0,0,0,0,0,0,0,0,0,0,1996
1559,0,1,0,0,0,0,0,0,1,0,0,0,0,0,0,0,1,0,0,1994
1560,0,0,0,0,0,0,1,0,0,0,0,0,0,0,0,0,0,0,0,1981
1561,0,0,0,0,0,0,0,1,1,0,0,0,0,0,0,0,0,0,0,1994
1562,0,0,0,0,0,0,0,1,0,0,0,0,0,0,0,0,0,0,0,1993
1563,0,0,0,0,0,0,0,0,0,0,0,0,0,0,1,0,0,0,0,1994
1564,0,0,0,0,0,0,0,0,1,0,0,0,0,0,0,0,0,0,0,1991
1565,0,0,0,0,0,0,0,0,1,0,0,0,0,0,0,0,0,0,0,1992
1566,0,0,0,0,0,0,0,0,1,0,0,0,0,0,0,0,0,0,0,1943
1567,0,0,0,0,0,1,0,0,0,0,0,0,0,0,0,0,0,0,0,1992
1568,0,0,0,0,0,1,0,0,0,0,0,0,0,0,1,0,0,0,0,1992
1569,0,0,0,0,0,1,0,0,1,0,0,0,0,0,0,0,0,0,0,1987
1570,0,0,0,0,0,1,0,0,0,0,0,0,0,0,0,0,0,0,0,1992
1571,0,0,0,0,0,0,0,0,1,0,0,0,0,0,0,0,0,0,0,1973
1572,0,0,0,0,0,0,0,0,1,0,0,0,0,0,0,0,0,0,0,1982
1573,0,0,0,0,0,0,0,0,0,0,0,1,0,0,0,0,0,0,0,1968
1574,0,0,0,0,0,0,0,0,0,0,0,0,0,0,0,0,0,1,0,1995
1575,0,0,0,0,0,0,0,0,1,0,0,0,0,0,0,0,0,0,0,1990
1576,0,0,0,0,0,0,0,0,0,1,0,0,0,0,0,0,0,0,0,1987
1577,0,0,0,0,0,0,0,0,1,0,0,0,0,0,0,0,0,0,0,1956
1578,0,0,0,0,0,0,0,0,1,0,0,0,0,0,0,0,0,0,0,1967
1579,0,0,0,0,0,0,0,0,0,0,0,0,0,0,0,0,1,0,0,1988
1580,0,0,0,0,0,0,0,0,0,0,0,0,0,0,1,0,0,0,0,1933
1581,0,0,0,0,0,0,0,0,0,0,0,0,0,1,0,0,0,0,0,1950
1582,0,0,0,0,0,0,0,0,0,0,1,0,0,0,0,0,0,0,0,1947
1583,0,0,0,0,0,0,0,0,1,0,0,0,0,0,0,0,0,0,0,1986
1584,0,0,0,0,0,0,0,0,1,0,0,0,0,0,0,0,0,0,0,1946
1585,0,0,0,0,0,0,0,1,0,0,0,0,0,0,0,0,0,0,0,1990
1586,0,1,0,0,0,0,1,0,1,0,0,0,0,0,0,0,0,0,0,1992
1587,0,0,0,0,0,0,0,0,0,0,0,0,0,0,0,0,0,0,1,1958
1588,0,0,0,0,0,1,0,0,1,0,0,0,0,0,0,0,0,0,0,1997
1589,0,0,0,0,0,1,0,0,0,0,0,0,0,0,0,0,0,0,0,1997
1590,0,0,0,0,0,0,0,0,1,0,0,0,0,0,0,0,0,0,0,1997
1591,0,0,0,0,0,0,0,0,1,0,0,0,0,0,0,0,0,0,0,1998
1592,0,0,0,0,0,0,0,0,1,0,0,0,0,0,0,0,0,0,0,1998
1593,0,0,0,0,0,1,0,0,0,0,0,0,0,0,0,0,0,0,0,1996
1594,0,0,0,0,0,0,0,1,0,0,0,0,0,0,0,0,0,0,0,1998
1595,0,1,0,0,0,0,0,0,0,0,0,0,0,0,0,0,1,0,0,1996
1596,0,1,0,0,0,0,0,0,0,0,0,0,0,0,0,1,1,0,0,1995
1597,0,1,0,0,0,0,0,0,1,0,0,0,0,0,0,0,0,0,0,1992
1598,0,0,0,0,0,0,1,0,0,0,0,0,0,0,0,0,1,0,0,1997
1599,0,0,0,0,0,0,0,0,1,0,0,0,0,0,0,0,0,0,0,1996
1600,0,0,0,0,0,1,0,0,0,0,0,0,0,0,0,0,0,0,0,1997
1601,0,0,0,0,0,0,0,0,0,0,0,0,0,0,0,0,1,0,0,1997
1602,0,0,0,0,0,0,0,0,1,0,0,0,0,0,0,0,0,0,0,1998
1603,0,0,0,0,0,0,0,0,1,0,0,0,0,0,0,0,0,0,0,1996
1604,0,0,0,0,0,0,1,0,0,0,1,0,0,0,0,0,1,0,0,1948
1605,0,0,0,0,0,1,0,0,0,0,0,0,0,0,0,0,0,0,0,1997
1606,0,0,0,0,0,0,1,0,0,0,0,0,0,0,0,0,0,0,0,1997
1607,0,0,0,0,0,0,0,0,1,0,0,0,0,0,0,0,0,0,0,1998
1608,0,0,1,0,1,0,0,0,1,0,0,0,0,0,0,0,0,0,0,1997
1609,0,0,0,0,0,1,0,0,0,0,0,0,0,0,0,0,0,0,0,1997
1610,0,1,0,0,0,0,1,0,0,0,0,0,0,0,1,0,0,0,0,1997
1611,0,0,0,0,0,1,0,0,0,0,0,0,0,0,0,0,0,0,0,1997
1612,0,0,0,0,0,0,0,0,0,0,0,0,0,0,1,0,0,0,0,1998
1613,0,1,0,0,0,0,0,0,1,0,0,0,0,0,0,0,0,0,0,1998
1614,0,0,0,0,0,1,0,0,1,0,0,0,0,0,0,0,0,0,0,1958
1615,0,1,1,0,1,0,0,0,0,1,0,0,0,0,0,0,0,0,0,1997
1616,0,0,0,0,0,0,0,0,1,0,0,0,0,0,0,0,0,0,0,1995
1617,0,0,0,0,0,0,0,0,0,0,0,0,0,0,1,0,0,0,0,1997
1618,0,1,0,0,0,0,1,0,0,0,0,0,0,0,0,0,0,0,0,1990
1619,0,0,0,0,0,0,0,0,1,0,0,0,0,0,0,0,0,0,0,1996
1620,0,0,0,0,0,1,0,0,0,0,0,0,0,0,0,0,0,0,0,1997
1621,0,0,0,0,0,0,0,0,0,0,0,0,0,0,0,0,1,0,0,1996
1622,0,0,0,0,0,1,0,0,0,0,0,0,0,0,0,0,0,0,0,1993
1623,0,0,0,0,0,0,0,0,1,0,0,0,0,0,0,0,0,0,0,1996
1624,0,0,0,0,0,0,0,0,0,0,0,0,0,0,0,0,1,0,0,1998
1625,0,0,0,0,0,0,0,0,0,0,0,1,0,0,0,0,1,0,0,1997
1626,0,0,0,0,0,1,0,0,1,0,0,0,0,0,0,0,0,0,0,1996
1627,0,0,0,0,0,1,0,0,1,0,0,0,0,0,0,0,0,0,0,1996
1628,0,0,0,0,0,0,0,0,1,0,0,0,0,0,0,0,0,0,0,1994
1629,0,0,0,0,0,0,0,1,0,0,0,0,0,0,0,0,0,0,0,1995
1630,0,0,0,0,0,0,0,0,1,0,0,0,0,0,0,0,0,0,0,1996
1631,0,0,0,0,0,1,0,0,1,0,0,0,0,0,0,0,0,0,0,1993
1632,0,0,0,0,0,0,0,0,0,0,0,0,0,0,0,0,0,1,0,1996
1633,0,0,0,0,0,1,0,0,1,0,0,0,0,0,0,0,0,0,0,1996
1634,0,0,0,0,0,0,0,0,1,0,0,0,0,0,0,0,0,0,0,1996
1635,0,0,0,0,0,0,0,0,1,0,0,0,0,0,0,0,0,0,0,1986
1636,0,0,0,0,0,0,0,0,1,0,0,0,0,0,0,0,0,0,0,1996
1637,0,0,0,0,0,0,0,0,1,0,0,0,0,0,0,0,0,0,0,1996
1638,0,0,0,0,0,0,1,0,1,0,0,0,0,0,0,0,0,0,0,1996
1639,0,0,0,0,0,0,0,0,1,0,0,0,0,0,0,0,0,0,0,1996
1640,0,0,0,0,0,0,0,0,1,0,0,0,0,0,0,0,0,0,0,1996
1641,0,0,0,0,0,0,0,1,0,0,0,0,0,0,0,0,0,0,0,1996
1642,0,0,0,0,0,0,0,0,1,0,0,0,0,0,0,0,0,0,0,1996
1643,0,0,0,0,0,0,0,0,1,0,0,0,0,0,0,0,0,0,0,1997
1644,0,0,0,0,0,1,0,0,0,0,0,0,0,0,0,0,0,0,0,1997
1645,0,0,0,0,0,0,0,0,1,0,0,0,0,0,0,0,0,0,0,1998
1646,0,1,0,0,0,0,0,0,1,0,0,0,0,0,0,0,0,0,0,1998
1647,0,0,0,0,0,1,1,0,1,0,0,0,0,0,0,0,0,0,0,1998
1648,0,0,0,0,0,0,0,0,1,0,0,0,0,0,0,0,0,0,0,1998
1649,0,0,0,0,0,1,0,1,0,0,0,0,0,0,0,0,0,0,0,1998
1650,0,0,0,0,0,0,0,0,1,0,0,0,0,0,0,0,0,0,0,1998
1651,0,0,0,0,0,0,0,0,1,0,0,0,0,0,0,0,1,0,0,1998
1652,0,0,0,0,0,0,0,0,0,0,0,0,0,0,1,0,0,0,0,1997
1653,0,0,0,0,0,0,0,0,1,0,0,0,0,0,0,0,0,0,0,1996
1654,0,0,0,0,0,1,0,0,0,0,0,0,0,0,0,0,0,0,0,1998
1655,0,0,0,0,0,1,0,0,0,0,0,0,0,0,1,0,0,0,0,1994
1656,0,0,0,0,0,1,0,0,0,0,0,0,0,0,1,0,0,0,0,1998
1657,0,1,0,0,0,0,0,0,1,0,0,0,0,0,0,0,0,0,0,1996
1658,0,0,0,0,0,0,0,0,1,0,0,0,0,0,0,0,0,0,0,1996
1659,0,0,0,0,0,1,0,0,0,0,0,0,0,0,0,0,0,0,0,1996
1660,0,0,0,0,0,0,0,0,1,0,0,0,0,0,0,0,0,0,0,1996
1661,0,0,0,0,0,0,0,0,1,0,0,0,0,0,0,0,0,0,0,1994
1662,0,0,0,0,0,0,0,0,1,0,0,0,0,0,1,0,0,0,0,1997
1663,0,0,0,0,0,0,0,0,1,0,0,0,0,0,0,0,0,1,0,1997
1664,0,0,0,0,0,1,0,0,0,0,0,0,0,0,0,0,0,0,0,1997
1665,0,0,0,0,0,0,0,0,1,0,0,0,0,0,0,0,0,0,0,1997
1666,0,0,0,0,0,0,0,0,1,0,0,0,0,0,0,0,0,0,0,1997
1667,0,0,0,0,0,0,0,0,1,0,0,0,0,0,0,0,0,0,0,1997
1668,0,0,0,0,0,1,0,0,0,0,0,0,0,0,0,0,0,0,0,1997
1669,0,0,0,0,0,0,1,0,1,0,0,0,0,1,0,0,0,0,0,1997
1670,0,0,0,0,0,1,0,0,0,0,0,0,0,0,0,0,1,0,0,1998
1671,0,0,0,0,0,0,0,0,1,0,0,0,0,0,0,0,0,0,0,1998
1672,0,0,0,0,0,0,0,0,1,0,0,0,0,0,0,0,0,0,0,1993
1673,0,1,0,0,0,0,0,0,0,0,0,0,0,0,0,0,1,0,0,1995
1674,0,0,0,0,0,0,0,0,1,0,0,0,0,0,0,0,0,0,0,1962
1675,0,0,0,0,0,0,0,0,1,0,0,0,0,0,0,0,0,0,0,1996
1676,0,0,0,0,0,0,0,0,1,0,0,0,0,0,0,0,0,0,0,1996
1677,0,0,0,0,0,0,0,0,1,0,0,0,0,0,0,0,0,0,0,1996
1678,0,0,0,0,0,0,0,0,1,0,0,0,0,0,0,0,0,0,0,1998
1679,0,0,0,0,0,0,0,0,0,0,0,0,0,0,1,0,1,0,0,1998
1680,0,0,0,0,0,0,0,0,1,0,0,0,0,0,1,0,0,0,0,1998
1681,0,0,0,0,0,1,0,0,0,0,0,0,0,0,0,0,0,0,0,1994
1682,0,0,0,0,0,0,0,0,1,0,0,0,0,0,0,0,0,0,0,1996
